4410
11161
0
0
0
0
0
0
0
0
0
0
0
0
0
0
0
0
0
0
0
0
0
0
0
0
0
0
0
0
0
0
0
0
0
0
0
0
0
0
0
0
0
0
0
0
0
0
0
0
0
0
0
0
0
0
0
0
0
0
0
0
0
0
0
0
0
0
0
0
0
0
0
0
0
0
0
0
0
0
0
0
0
0
0
0
0
0
0
0
0
0
0
0
0
0
0
0
0
0
0
0
0
0
0
0
0
0
0
0
0
0
0
0
0
0
0
0
0
0
0
0
0
0
3.05176e-06
0
3.05176e-06
1.2207e-05
3.05176e-06
-6.10352e-06
9.15527e-06
9.15527e-06
0
-9.15527e-06
6.10352e-06
9.15527e-06
-9.15527e-06
-6.10352e-06
6.10352e-06
3.05176e-06
-9.15527e-06
-1.2207e-05
0
-3.05176e-06
0
3.05176e-06
-1.2207e-05
6.10352e-06
3.05176e-06
6.10352e-06
3.05176e-06
0
0
-3.05176e-06
0
0
-3.05176e-06
-9.15527e-06
-9.15527e-06
-1.2207e-05
-3.05176e-06
-6.10352e-06
1.52588e-05
-6.10352e-06
4.57764e-05
-2.74658e-05
-6.10352e-05
-7.01904e-05
-4.27246e-05
2.13623e-05
7.62939e-05
5.18799e-05
9.46045e-05
8.54492e-05
0.000167847
0.000146484
0.000146484
0.000177002
0.000183105
0.000134277
0.00012207
0.000189209
0.000106812
-5.18799e-05
-3.35693e-05
3.05176e-06
3.05176e-06
-3.35693e-05
-4.88281e-05
-9.76563e-05
-0.000146484
-0.000149536
-0.000161743
-0.000134277
-0.000274658
-0.000302124
-0.000268555
-0.000204468
-0.000149536
-0.000134277
9.15527e-06
8.8501e-05
0.000119019
0.000265503
0.000305176
0.000308228
0.0003479
0.000357056
0.000283813
0.000210571
0.000146484
3.05176e-06
-5.49316e-05
-2.74658e-05
-0.000106812
-0.000140381
-0.00010376
-0.00020752
-0.000170898
-0.000146484
-0.000198364
-0.000167847
-0.000137329
-7.32422e-05
6.10352e-05
0.000112915
0.000268555
0.000134277
0.000198364
0.000140381
9.15527e-05
4.57764e-05
-2.13623e-05
-3.05176e-05
1.83105e-05
-2.13623e-05
-4.57764e-05
-7.62939e-05
-9.76563e-05
-1.2207e-05
-3.66211e-05
3.05176e-06
0.00010376
6.40869e-05
0.000210571
0.000280762
0.000286865
0.000222778
0.000259399
0.000186157
0.000109863
-1.2207e-05
-7.01904e-05
-0.00012207
-0.000158691
-0.000256348
-0.000244141
-0.000326538
-0.000280762
-0.000219727
-0.000109863
-0.000119019
-9.15527e-06
6.71387e-05
0.00020752
0.000271606
0.000256348
0.000289917
0.000375366
0.00027771
0.000231934
0.000112915
7.93457e-05
-6.71387e-05
-0.000128174
-0.000213623
-0.000234985
-0.000250244
-0.000323486
-0.000405884
-0.000479126
-0.000402832
-0.000360107
-0.000378418
-0.000320435
-0.000366211
-0.000341797
-0.000289917
-0.000125122
-8.23975e-05
-0.000115967
-7.62939e-05
-3.96729e-05
3.35693e-05
0.000140381
2.13623e-05
8.23975e-05
6.40869e-05
7.32422e-05
0.000140381
9.76563e-05
4.27246e-05
5.49316e-05
1.52588e-05
-4.57764e-05
-2.13623e-05
-4.88281e-05
-5.18799e-05
4.27246e-05
5.79834e-05
0.000164795
0.00020752
9.15527e-05
6.40869e-05
0.000180054
0.000216675
0.000201416
0.000198364
0.000213623
0.000112915
8.8501e-05
0.000131226
0.000137329
4.88281e-05
-7.32422e-05
-7.01904e-05
-0.000143433
-0.000146484
-0.000119019
-5.79834e-05
5.18799e-05
5.49316e-05
5.79834e-05
0.000161743
0.000299072
0.000280762
0.000332642
0.000317383
0.000357056
0.000292969
0.000137329
0.000115967
2.44141e-05
-0.000128174
-0.00010376
-0.000183105
-0.000253296
-0.000268555
-2.13623e-05
6.10352e-05
0.000125122
0.000177002
0.000198364
0.000271606
0.000268555
0.000167847
0.000213623
0.000195313
0.000247192
0.000201416
0.000186157
0.000204468
0.000231934
0.000256348
0.000112915
4.88281e-05
-4.57764e-05
-0.000128174
-7.62939e-05
-0.000241089
-0.000265503
-0.000296021
-0.000369263
-0.00038147
-0.00027771
-0.000338745
-0.000253296
-0.000143433
-0.000210571
-0.00017395
-0.00010376
-0.000134277
-7.93457e-05
-4.88281e-05
-0.000119019
-0.00012207
-0.000146484
-0.000216675
-0.000228882
-0.000289917
-0.000350952
-0.0003479
-0.000393677
-0.000286865
-0.000299072
-0.000259399
-0.00022583
-0.000274658
-0.000234985
-0.000204468
-0.000241089
-0.000286865
-0.000292969
-0.000271606
-0.000271606
-0.000180054
-9.76563e-05
-0.000125122
-5.18799e-05
-5.18799e-05
-1.52588e-05
-1.2207e-05
3.05176e-06
8.8501e-05
6.10352e-06
4.88281e-05
0.000140381
0.000180054
0.000231934
0.000289917
0.000280762
0.000299072
0.0003479
0.000378418
0.000350952
0.000476074
0.000439453
0.000326538
0.000384521
0.000479126
0.000424194
0.000500488
0.000430298
0.000430298
0.000454712
0.000469971
0.00050354
0.000512695
0.00057373
0.000466919
0.000488281
0.000531006
0.00043335
0.000378418
0.000512695
0.000524902
0.000460815
0.000421143
0.000366211
0.000393677
0.000387573
0.000326538
0.000210571
0.000125122
2.74658e-05
-0.00010376
-0.000234985
-0.000296021
-0.000357056
-0.00039978
-0.000473022
-0.000494385
-0.000466919
-0.000515747
-0.000509644
-0.000527954
-0.000494385
-0.00055542
-0.000479126
-0.000335693
-0.000238037
-0.000222778
-0.00022583
-0.000186157
-0.00015564
-0.000134277
-0.000216675
-0.000256348
-0.000372314
-0.000476074
-0.00050354
-0.000570679
-0.000622559
-0.00072937
-0.000723267
-0.000695801
-0.000634766
-0.00062561
-0.000531006
-0.000350952
-0.000366211
-0.000378418
-0.000338745
-0.000231934
-0.000143433
-0.000158691
-0.000167847
-0.000167847
-0.00022583
-0.000152588
-0.000115967
-7.01904e-05
-4.57764e-05
-0.000100708
-6.10352e-05
-6.40869e-05
-4.88281e-05
-1.52588e-05
6.10352e-06
2.44141e-05
3.05176e-05
8.8501e-05
0.000161743
0.000265503
0.000393677
0.00043335
0.000592041
0.000509644
0.000521851
0.000567627
0.000564575
0.000564575
0.000588989
0.000497437
0.000485229
0.000500488
0.000534058
0.00057373
0.000512695
0.000537109
0.00065918
0.000662231
0.000827026
0.0009552
0.000906372
0.00072937
0.000744629
0.000750732
0.000674438
0.000576782
0.000506592
0.000375366
0.000134277
4.57764e-05
-7.93457e-05
-0.00022583
-0.000283813
-0.000390625
-0.000378418
-0.000418091
-0.000454712
-0.000445557
-0.000372314
-0.000305176
-0.000244141
-0.000302124
-0.000372314
-0.000210571
-0.00022583
-0.000238037
-0.000265503
-0.00027771
-0.000396729
-0.000457764
-0.000497437
-0.000595093
-0.000741577
-0.000769043
-0.00088501
-0.000860596
-0.000912476
-0.00104065
-0.00100403
-0.00102234
-0.000991821
-0.000881958
-0.000775146
-0.000534058
-0.000466919
-0.000323486
-0.000161743
-4.57764e-05
8.8501e-05
5.49316e-05
2.44141e-05
8.54492e-05
0.000106812
6.71387e-05
0.000109863
0.000164795
6.40869e-05
0.00017395
0.00022583
0.000326538
0.000424194
0.00043335
0.000445557
0.000564575
0.000506592
0.000497437
0.000482178
0.00045166
0.000369263
0.000402832
0.000460815
0.000454712
0.000396729
0.000259399
0.000222778
0.000186157
0.000131226
9.46045e-05
-2.13623e-05
-4.57764e-05
6.10352e-06
6.40869e-05
0.00010376
8.23975e-05
0.000112915
0.000158691
0.000167847
0.000308228
0.000439453
0.000518799
0.000543213
0.000527954
0.000494385
0.000415039
0.000350952
0.000170898
-3.96729e-05
-0.000189209
-0.000292969
-0.000326538
-0.000363159
-0.000357056
-0.000344849
-0.000308228
-0.000256348
-0.000192261
-0.000222778
-9.15527e-05
-8.8501e-05
-4.27246e-05
0.000115967
0.000140381
0.000143433
0.000152588
7.62939e-05
0.000161743
0.000149536
8.54492e-05
-4.27246e-05
-2.74658e-05
-0.000164795
-8.8501e-05
-0.000109863
-0.000177002
-0.000140381
-6.40869e-05
-4.88281e-05
2.13623e-05
6.10352e-05
2.74658e-05
2.44141e-05
1.52588e-05
6.10352e-06
3.05176e-06
2.44141e-05
0.000106812
0.000106812
7.01904e-05
7.01904e-05
3.35693e-05
-3.05176e-05
-8.8501e-05
-0.000219727
-0.000186157
-6.71387e-05
-0.000119019
-0.000189209
-0.000274658
-0.000228882
-0.000222778
-0.000228882
-0.000308228
-0.000170898
-0.000134277
-0.00017395
-7.93457e-05
-0.000204468
-0.000140381
-8.54492e-05
-0.000119019
-7.93457e-05
-0.000106812
-0.000164795
-0.000204468
-0.000292969
-0.000238037
-8.54492e-05
-0.000119019
-0.000198364
-7.62939e-05
1.52588e-05
4.27246e-05
9.15527e-05
0.000109863
0.000213623
0.000274658
0.000949097
0.00137329
0.000305176
-0.000247192
9.15527e-05
-5.49316e-05
1.83105e-05
-4.27246e-05
-0.000158691
-0.000305176
-0.000292969
-0.000262451
-7.01904e-05
-0.000128174
-0.000119019
-0.000115967
4.27246e-05
3.05176e-06
-2.74658e-05
0.000119019
0.000164795
0.000268555
0.000341797
0.00038147
0.000375366
0.00032959
0.000335693
0.000241089
0.000152588
3.96729e-05
9.15527e-06
-7.93457e-05
-0.000204468
-0.00020752
-0.000228882
-0.000354004
-0.000326538
-0.000271606
-4.88281e-05
-0.000112915
-0.000183105
-9.15527e-05
9.15527e-06
8.8501e-05
0.000213623
0.000192261
0.000100708
-2.13623e-05
-1.52588e-05
9.15527e-05
0.000271606
0.000180054
0.00015564
0.000143433
7.93457e-05
0.000125122
8.8501e-05
-1.2207e-05
1.83105e-05
7.32422e-05
3.66211e-05
7.32422e-05
0.00012207
7.01904e-05
7.93457e-05
-1.83105e-05
-4.27246e-05
-1.2207e-05
3.05176e-06
3.05176e-06
-3.35693e-05
-0.000186157
-0.000268555
-0.00027771
-0.000357056
-0.000354004
-0.000213623
-0.000335693
-0.000299072
-0.000238037
-0.000219727
-0.000128174
-7.01904e-05
-6.71387e-05
-5.79834e-05
-0.000109863
-4.27246e-05
9.76563e-05
0.00015564
0.000198364
0.000170898
0.000262451
0.000152588
9.15527e-05
0.00010376
-0.000128174
-0.000378418
-0.000460815
-0.000524902
-0.000564575
-0.000411987
-0.000479126
-0.000378418
-0.000317383
-0.000161743
1.2207e-05
7.01904e-05
8.54492e-05
6.71387e-05
0.000167847
0.000219727
0.000247192
0.00032959
0.000305176
0.000378418
0.000460815
0.000469971
0.000509644
0.000439453
0.000164795
0.00012207
0.000201416
0.000152588
0.000189209
0.000180054
0.000125122
0.000219727
0.000146484
0.000167847
0.00022583
0.000265503
0.00038147
0.000418091
0.000354004
0.000387573
0.000344849
0.000292969
0.000314331
0.000253296
9.46045e-05
0
-3.05176e-05
-7.01904e-05
-0.000164795
-0.000369263
-0.00038147
-0.000326538
-0.000262451
-0.000143433
-0.000119019
-0.000183105
-0.000134277
-0.000109863
1.52588e-05
2.13623e-05
-2.13623e-05
-0.000234985
-0.000195313
-0.000250244
-0.000228882
-0.00015564
-0.000167847
-0.000296021
-0.000350952
-0.000378418
-0.000283813
-0.000268555
-0.000256348
-0.000189209
-0.000161743
-7.93457e-05
9.46045e-05
0.000161743
0.000253296
0.000213623
0.000244141
0.000366211
0.00022583
0.000250244
0.000204468
4.57764e-05
1.83105e-05
-0.000164795
-0.000228882
-0.000201416
-0.000183105
-0.000241089
-0.000344849
-0.000500488
-0.000524902
-0.000442505
-0.000390625
-0.000427246
-0.000338745
-0.000195313
-9.15527e-05
3.35693e-05
0.000112915
0.000183105
0.000262451
0.000216675
0.000158691
0.000134277
4.57764e-05
-9.46045e-05
-7.32422e-05
-0.000250244
-0.000363159
-0.000363159
-0.000372314
-0.000302124
-0.000183105
-0.000115967
-3.05176e-06
0.000134277
0.000115967
0.000125122
0.00020752
0.000268555
0.000302124
0.000219727
0.000204468
0.000210571
0.000140381
0.000247192
0.000195313
0.000271606
0.000326538
0.00020752
0.000338745
0.000271606
0.000326538
0.000338745
0.00038147
0.000357056
0.000320435
0.000354004
0.000390625
0.000430298
0.00039978
0.000372314
0.000274658
0.000274658
0.000247192
0.000186157
0.000204468
7.93457e-05
-1.2207e-05
9.15527e-06
-0.000131226
-0.000204468
-0.000210571
-0.000213623
-0.000314331
-0.000201416
-7.01904e-05
-8.23975e-05
-7.32422e-05
6.40869e-05
6.40869e-05
-9.15527e-06
5.79834e-05
5.18799e-05
9.15527e-06
-0.000109863
-0.000244141
-0.000311279
-0.00038147
-0.00039978
-0.000384521
-0.000482178
-0.000494385
-0.000527954
-0.000537109
-0.00057373
-0.000509644
-0.000524902
-0.00050354
-0.000537109
-0.000473022
-0.000390625
-0.000253296
-0.000149536
-2.44141e-05
6.40869e-05
0.00010376
6.71387e-05
0.00010376
8.23975e-05
4.27246e-05
5.18799e-05
-3.05176e-06
3.05176e-06
6.71387e-05
0.000131226
0.000247192
0.000238037
0.000228882
0.000332642
0.000320435
0.00027771
0.000418091
0.00045166
0.00039978
0.000390625
0.000354004
0.000234985
0.000177002
8.54492e-05
-1.83105e-05
-6.71387e-05
-5.79834e-05
-3.66211e-05
-7.62939e-05
-9.15527e-05
-6.10352e-06
-4.88281e-05
0
5.18799e-05
5.18799e-05
0.000164795
0.000283813
0.000314331
0.00027771
0.000317383
0.000341797
0.000286865
0.000299072
0.000192261
0.000158691
7.01904e-05
3.05176e-05
-3.66211e-05
-0.000125122
-0.000231934
-0.000286865
-0.000234985
-0.000222778
-0.000167847
-8.54492e-05
-0.000158691
-0.000115967
-0.000146484
-0.000109863
-8.8501e-05
-9.46045e-05
-0.000167847
-0.00012207
-0.000125122
-4.57764e-05
2.74658e-05
3.35693e-05
2.13623e-05
6.71387e-05
3.35693e-05
0.000100708
8.8501e-05
5.18799e-05
-5.18799e-05
-0.000186157
-0.000259399
-0.000314331
-0.000231934
-0.000158691
-0.000189209
-0.000164795
-0.000100708
-6.71387e-05
-9.15527e-05
2.13623e-05
-6.71387e-05
-7.62939e-05
-7.93457e-05
-0.000149536
-0.00010376
-8.23975e-05
-6.71387e-05
7.62939e-05
8.8501e-05
2.44141e-05
7.32422e-05
5.49316e-05
1.52588e-05
2.44141e-05
-9.15527e-06
-8.8501e-05
-9.15527e-05
-9.76563e-05
-7.62939e-05
-3.66211e-05
3.05176e-06
0
-1.2207e-05
3.96729e-05
1.83105e-05
2.44141e-05
-5.49316e-05
-8.54492e-05
-8.8501e-05
-8.23975e-05
-9.46045e-05
-2.74658e-05
-9.15527e-06
5.49316e-05
3.05176e-06
2.44141e-05
7.93457e-05
0.000161743
0.000253296
0.000292969
0.0003479
0.000408936
0.000341797
0.000253296
0.000234985
0.000146484
8.8501e-05
2.13623e-05
0.000109863
6.40869e-05
7.62939e-05
8.54492e-05
0
3.66211e-05
8.8501e-05
7.01904e-05
1.83105e-05
-4.88281e-05
-6.10352e-06
2.44141e-05
3.66211e-05
-1.52588e-05
0.000106812
7.32422e-05
9.76563e-05
0.000170898
9.76563e-05
8.8501e-05
1.2207e-05
-0.000115967
-0.000146484
-0.000119019
-7.93457e-05
-7.62939e-05
-0.000167847
-9.15527e-05
-4.57764e-05
-0.000112915
-0.000143433
-0.000146484
-0.000180054
-0.000170898
-0.000131226
-0.000177002
-0.000262451
-0.000265503
-0.000244141
-0.000183105
-0.000170898
-0.000195313
-0.000213623
-0.000158691
-4.27246e-05
1.2207e-05
4.88281e-05
9.46045e-05
5.49316e-05
7.62939e-05
3.35693e-05
3.96729e-05
9.15527e-05
3.05176e-05
4.88281e-05
5.49316e-05
0
9.15527e-06
3.05176e-05
0.000137329
0.000115967
2.74658e-05
-5.49316e-05
-5.79834e-05
-3.66211e-05
-8.8501e-05
-1.83105e-05
-3.96729e-05
-7.01904e-05
-0.000106812
-0.000100708
-2.44141e-05
-5.49316e-05
-0.000100708
-6.10352e-05
-6.10352e-06
-3.05176e-06
3.35693e-05
8.54492e-05
0.00022583
0.000170898
0.000280762
0.000311279
0.000250244
0.000180054
0.000140381
0.000143433
4.27246e-05
3.96729e-05
4.57764e-05
2.74658e-05
-1.52588e-05
-0.000119019
-0.000131226
-5.18799e-05
-2.13623e-05
-0.000109863
-9.15527e-06
3.96729e-05
8.23975e-05
0.000131226
-1.83105e-05
3.05176e-05
0.00010376
2.44141e-05
0.00010376
6.10352e-05
3.05176e-05
0.000131226
0.000137329
0.000161743
0.000250244
0.000317383
0.000320435
0.000216675
0.00015564
4.27246e-05
2.44141e-05
-3.35693e-05
-4.27246e-05
-4.27246e-05
-6.10352e-05
-0.000112915
-8.54492e-05
-3.96729e-05
-5.18799e-05
-7.32422e-05
-0.000137329
-0.000140381
-0.000131226
-0.00010376
-5.49316e-05
-4.27246e-05
-8.8501e-05
9.15527e-06
2.13623e-05
4.88281e-05
-6.10352e-05
-0.000119019
-0.000158691
-0.000177002
-0.000177002
-0.000109863
-0.000201416
-0.000186157
-0.000231934
-0.000228882
-0.000231934
-0.000219727
-0.000299072
-0.000332642
-0.000296021
-0.000219727
-0.00022583
-0.000222778
-8.23975e-05
5.18799e-05
6.10352e-05
-3.05176e-06
-7.32422e-05
-2.13623e-05
1.52588e-05
3.35693e-05
6.71387e-05
9.46045e-05
0.000125122
7.93457e-05
0.000177002
0.000231934
0.000308228
0.000247192
0.000244141
0.000311279
0.000384521
0.000430298
0.000427246
0.000384521
0.000338745
0.000265503
0.000262451
0.000204468
0.000115967
6.10352e-06
2.44141e-05
-1.52588e-05
9.15527e-05
0.000134277
9.15527e-05
5.49316e-05
-1.83105e-05
-4.27246e-05
-0.000158691
-0.00022583
-0.000213623
-0.000216675
-0.00022583
-0.000146484
-6.40869e-05
-4.57764e-05
1.83105e-05
4.57764e-05
-1.83105e-05
-7.32422e-05
-0.000146484
-0.000222778
-0.000271606
-0.000305176
-0.000250244
-0.000305176
-0.000408936
-0.000314331
-0.000231934
-0.000241089
-0.000198364
-0.000250244
-0.000167847
-0.000146484
-0.000149536
-4.88281e-05
8.54492e-05
2.74658e-05
6.10352e-06
7.01904e-05
0.00015564
7.93457e-05
6.10352e-05
7.62939e-05
1.2207e-05
1.83105e-05
0.000152588
0.000152588
0.000152588
0.000167847
0.000189209
0.000177002
0.000195313
0.000140381
4.27246e-05
3.05176e-05
-1.2207e-05
0.000131226
0.000183105
0.000222778
0.000128174
0.000167847
0.000152588
0.000140381
0.000158691
0.00022583
0.000177002
0.000164795
1.52588e-05
3.96729e-05
1.83105e-05
6.71387e-05
2.74658e-05
-4.88281e-05
-7.01904e-05
1.2207e-05
-7.32422e-05
4.57764e-05
4.57764e-05
3.05176e-06
5.49316e-05
2.44141e-05
-5.79834e-05
0
-9.46045e-05
-0.000137329
-0.000137329
-0.000195313
-0.000143433
-5.79834e-05
-0.000143433
-0.000146484
-0.000247192
-0.000323486
-0.000204468
-0.000143433
-9.46045e-05
-1.83105e-05
2.13623e-05
4.57764e-05
0.000170898
0.00017395
0.000222778
0.000250244
0.000259399
0.000262451
0.000265503
0.000167847
3.66211e-05
9.15527e-06
-2.44141e-05
5.49316e-05
-3.05176e-06
-5.79834e-05
-0.000149536
-0.000247192
-0.000256348
-0.000296021
-0.000149536
-0.000137329
-0.00015564
-0.000161743
-0.000164795
-0.000100708
-2.74658e-05
2.44141e-05
4.88281e-05
0.000125122
4.27246e-05
1.83105e-05
-9.76563e-05
-8.54492e-05
-7.32422e-05
-0.00020752
-0.00027771
-0.000289917
-0.000259399
-0.000241089
-0.000274658
-0.000186157
-0.000256348
-0.000250244
-0.000262451
-0.000195313
-0.000143433
-0.00012207
-4.27246e-05
-0.000158691
-7.01904e-05
0
-4.88281e-05
8.23975e-05
2.74658e-05
4.88281e-05
0.00010376
0.000234985
0.000253296
0.000360107
0.000283813
0.000350952
0.0003479
0.000418091
0.000439453
0.000369263
0.000338745
0.000424194
0.00045166
0.000439453
0.00045166
0.000317383
0.0003479
0.000384521
0.000369263
0.000305176
0.000283813
0.000238037
0.000134277
0.000164795
0.000146484
0.000100708
-3.66211e-05
-0.000106812
-0.000137329
-0.00015564
-0.000106812
-0.000143433
-0.000137329
-8.8501e-05
-7.93457e-05
-3.05176e-06
7.01904e-05
9.15527e-05
1.83105e-05
-7.01904e-05
-7.62939e-05
-0.000253296
-0.000256348
-0.000247192
-0.000354004
-0.000390625
-0.000363159
-0.000314331
-0.000323486
-0.000274658
-0.000241089
-0.000369263
-0.000408936
-0.000393677
-0.000299072
-0.000314331
-0.000366211
-0.000378418
-0.000375366
-0.00032959
-0.000283813
-0.000143433
-8.54492e-05
-0.000112915
-0.000109863
-0.000109863
-9.15527e-06
-3.05176e-06
2.13623e-05
3.05176e-06
-5.18799e-05
-8.54492e-05
-0.000112915
-6.10352e-05
-0.00010376
-7.32422e-05
7.32422e-05
2.74658e-05
8.23975e-05
0.000170898
0.00022583
0.000286865
0.000350952
0.000253296
0.000201416
0.000259399
0.000167847
0.000115967
0.000216675
0.000219727
0.000198364
0.000198364
0.000152588
0.000140381
7.93457e-05
4.88281e-05
0.000146484
0.000140381
8.54492e-05
7.01904e-05
0.000204468
0.000167847
0.000170898
0.000204468
0.000219727
0.000256348
0.000213623
0.000115967
5.18799e-05
6.71387e-05
2.44141e-05
2.44141e-05
-3.05176e-06
4.27246e-05
0.000112915
9.76563e-05
5.49316e-05
0.00012207
0.000149536
0.000140381
0.000109863
0.000201416
0.000253296
0.000302124
0.000424194
0.00043335
0.000396729
0.000238037
0.000161743
6.71387e-05
9.76563e-05
8.54492e-05
6.10352e-05
4.27246e-05
-2.74658e-05
-0.000119019
-0.000146484
-0.000216675
-0.000210571
-0.000259399
-0.000335693
-0.000512695
-0.000549316
-0.00055542
-0.000531006
-0.000540161
-0.000531006
-0.000448608
-0.000488281
-0.000317383
-0.000213623
-0.000146484
-0.000222778
-0.000259399
-0.000241089
-0.000289917
-0.000369263
-0.00045166
-0.000531006
-0.000549316
-0.000506592
-0.000457764
-0.000442505
-0.000338745
-0.000283813
-0.000213623
-9.76563e-05
-3.05176e-05
-5.49316e-05
-3.66211e-05
-3.05176e-05
8.23975e-05
6.40869e-05
7.93457e-05
0.000149536
0.000164795
0.000125122
0.000152588
7.62939e-05
0.000106812
0.000161743
0.00020752
0.000244141
0.000259399
0.000326538
0.000402832
0.000418091
0.000366211
0.00043335
0.000515747
0.000592041
0.00055542
0.000543213
0.000512695
0.000534058
0.000469971
0.000405884
0.000360107
0.000305176
0.000222778
0.000228882
0.000195313
0.000161743
0.000186157
0.000109863
0.000234985
0.00027771
0.000219727
0.000265503
0.000335693
0.000289917
0.000369263
0.000271606
0.000256348
0.000238037
0.000170898
0.000112915
2.44141e-05
-0.000106812
-0.000152588
-0.000265503
-0.00027771
-0.00032959
-0.000354004
-0.000396729
-0.000442505
-0.000439453
-0.000418091
-0.0003479
-0.000369263
-0.000442505
-0.00045166
-0.000460815
-0.000527954
-0.000546265
-0.000561523
-0.000479126
-0.000448608
-0.000411987
-0.00038147
-0.000424194
-0.000332642
-0.00027771
-0.000216675
-0.000161743
-0.000161743
-0.000213623
-0.000231934
-0.000198364
-9.46045e-05
-0.000119019
-0.000131226
-0.000119019
-7.32422e-05
-7.62939e-05
-0.000109863
-1.2207e-05
1.2207e-05
6.71387e-05
0.000137329
0.000115967
0.000100708
4.27246e-05
7.93457e-05
7.93457e-05
1.2207e-05
9.46045e-05
0.000100708
0.000152588
0.000213623
0.000268555
0.000289917
0.000283813
0.000222778
0.000241089
0.000231934
0.000170898
0.00027771
0.000213623
0.00010376
0.00020752
0.000143433
0.000128174
0.000164795
9.15527e-05
7.62939e-05
7.01904e-05
0.000146484
0.000131226
0.00017395
7.93457e-05
9.76563e-05
0.00012207
0.00017395
0.000213623
0.000164795
0.000231934
0.00039978
0.000518799
0.000564575
0.00057373
0.000592041
0.00062561
0.000561523
0.000558472
0.000479126
0.000402832
0.000338745
0.000317383
0.000280762
0.000302124
0.000213623
0.000100708
-4.27246e-05
-0.000131226
-0.000259399
-0.000332642
-0.000439453
-0.000350952
-0.000375366
-0.000466919
-0.000485229
-0.000491333
-0.000476074
-0.000387573
-0.000314331
-0.000338745
-0.000372314
-0.000418091
-0.000405884
-0.000369263
-0.000494385
-0.000457764
-0.00050354
-0.000491333
-0.000469971
-0.000567627
-0.000622559
-0.000653076
-0.000646973
-0.000561523
-0.00057373
-0.000524902
-0.000418091
-0.000393677
-0.000302124
-0.000305176
-0.000292969
-0.000302124
-0.00027771
-0.000234985
-0.000137329
-0.000119019
-0.000234985
-0.000140381
-3.05176e-05
-1.2207e-05
7.62939e-05
0.000143433
0.000146484
0.000216675
0.000268555
0.000326538
0.000415039
0.000460815
0.000537109
0.000567627
0.000585937
0.000564575
0.000579834
0.000485229
0.000558472
0.000564575
0.000537109
0.000561523
0.000567627
0.00057373
0.00050354
0.000448608
0.000411987
0.000439453
0.000436401
0.000442505
0.000561523
0.000585937
0.000674438
0.000698853
0.000680542
0.00062561
0.000616455
0.000570679
0.000601196
0.000500488
0.000378418
0.000289917
0.000210571
0.000109863
3.96729e-05
-9.46045e-05
-0.000256348
-0.00039978
-0.000418091
-0.000515747
-0.000537109
-0.000592041
-0.00057373
-0.000588989
-0.000543213
-0.000585937
-0.000546265
-0.0006073
-0.000686646
-0.00062561
-0.000579834
-0.000610352
-0.000531006
-0.000497437
-0.000463867
-0.00038147
-0.000323486
-0.000344849
-0.000375366
-0.000411987
-0.000494385
-0.000506592
-0.000546265
-0.000491333
-0.00045166
-0.000460815
-0.000494385
-0.000457764
-0.000305176
-0.000292969
-0.000204468
-0.000192261
-0.000167847
-0.000152588
-7.62939e-05
-6.10352e-05
-8.23975e-05
-6.10352e-06
1.2207e-05
5.79834e-05
0.000115967
0.000158691
0.000256348
0.000253296
0.000256348
0.000192261
0.000143433
0.000192261
0.000213623
0.00020752
0.000164795
0.00017395
0.00015564
0.000238037
0.000265503
0.000357056
0.000418091
0.00043335
0.000390625
0.000390625
0.000445557
0.000436401
0.000491333
0.000411987
0.000418091
0.000378418
0.000427246
0.000537109
0.000637817
0.000759888
0.000872803
0.000891113
0.000897217
0.000946045
0.000912476
0.000964355
0.000979614
0.000802612
0.000793457
0.000646973
0.000570679
0.000543213
0.000360107
0.000146484
0.000137329
3.05176e-06
-5.49316e-05
-0.000134277
-0.000375366
-0.000466919
-0.000457764
-0.000558472
-0.000601196
-0.000665283
-0.000692749
-0.000613403
-0.000717163
-0.000683594
-0.000601196
-0.000552368
-0.000479126
-0.00038147
-0.000482178
-0.000506592
-0.000546265
-0.000643921
-0.000750732
-0.000878906
-0.00098877
-0.00106201
-0.00115051
-0.00118713
-0.00121765
-0.00112
-0.00100708
-0.000878906
-0.000878906
-0.000698853
-0.000772095
-0.000741577
-0.000726318
-0.000744629
-0.000595093
-0.000537109
-0.000463867
-0.000363159
-0.000369263
-0.000280762
-0.00022583
-0.000125122
6.10352e-05
0.000231934
0.000292969
0.000366211
0.000448608
0.000585937
0.000668335
0.000796509
0.000918579
0.00103455
0.000912476
0.000958252
0.00111389
0.00115356
0.00128479
0.00119019
0.00108948
0.00115051
0.000976562
0.000872803
0.000793457
0.000585937
0.000552368
0.000494385
0.000454712
0.000546265
0.00067749
0.000692749
0.000796509
0.000848389
0.000894165
0.000939941
0.000857544
0.000817871
0.000811768
0.000704956
0.000579834
0.000430298
0.000244141
0.000109863
3.05176e-05
-2.44141e-05
-0.000109863
-0.000177002
-0.000262451
-0.000222778
-0.000311279
-0.000363159
-0.000311279
-0.000408936
-0.000509644
-0.000469971
-0.000512695
-0.00055542
-0.000497437
-0.000494385
-0.000408936
-0.000335693
-0.000344849
-0.000280762
-0.000241089
-0.000302124
-0.000378418
-0.000561523
-0.000665283
-0.000793457
-0.000942993
-0.000958252
-0.000985718
-0.000997925
-0.000866699
-0.000872803
-0.000839233
-0.000769043
-0.000744629
-0.000857544
-0.000814819
-0.000924683
-0.000967407
-0.000949097
-0.00100403
-0.00101929
-0.00102844
-0.000976562
-0.000909424
-0.000906372
-0.000860596
-0.000683594
-0.000588989
-0.000540161
-0.00043335
-0.000344849
-0.000210571
-0.00012207
3.05176e-05
0.000125122
0.000268555
0.000430298
0.000482178
0.000460815
0.000558472
0.000588989
0.000598145
0.00062561
0.00067749
0.000695801
0.000732422
0.000698853
0.000808716
0.000796509
0.000830078
0.000894165
0.000991821
0.000991821
0.0010437
0.0012146
0.00137634
0.00147705
0.00157776
0.00157166
0.00164795
0.00162964
0.00157166
0.00161133
0.00159607
0.00154724
0.00140076
0.00134277
0.00124207
0.00109863
0.000924683
0.000784302
0.000619507
0.000549316
0.000469971
0.00043335
0.000323486
0.000192261
0.000100708
6.40869e-05
-1.2207e-05
-6.10352e-05
-0.000204468
-0.000289917
-0.000537109
-0.000671387
-0.000790405
-0.00083313
-0.000915527
-0.00105286
-0.0012146
-0.00132446
-0.00141907
-0.00150757
-0.00154114
-0.00157166
-0.00155334
-0.00159607
-0.00158081
-0.0015686
-0.00160522
-0.00155945
-0.00158691
-0.00153809
-0.00150757
-0.00155945
-0.00157166
-0.00150757
-0.00151062
-0.00141296
-0.00133362
-0.00129089
-0.00108643
-0.00101013
-0.000866699
-0.000744629
-0.000546265
-0.000332642
-0.000149536
3.96729e-05
0.00022583
0.00039978
0.000543213
0.000674438
0.000790405
0.000921631
0.00106201
0.00119019
0.00118713
0.00113831
0.00111389
0.00112
0.000994873
0.00088501
0.000863647
0.00088501
0.000881958
0.000973511
0.000933838
0.000982666
0.00106201
0.00105896
0.0011322
0.00124207
0.00130005
0.00119324
0.00117798
0.00115967
0.00121155
0.00110168
0.000976562
0.000796509
0.000704956
0.00057373
0.000454712
0.000375366
0.000341797
0.000366211
0.00032959
0.000250244
0.000250244
0.000259399
0.000219727
0.000231934
0.000161743
7.32422e-05
6.10352e-06
-5.18799e-05
-0.000158691
-0.000216675
-0.000280762
-0.000274658
-0.000308228
-0.000442505
-0.000552368
-0.000534058
-0.000604248
-0.00062561
-0.000650024
-0.000720215
-0.000686646
-0.000619507
-0.000601196
-0.000671387
-0.000689697
-0.000671387
-0.000646973
-0.000753784
-0.000750732
-0.000827026
-0.000878906
-0.000930786
-0.000909424
-0.00098877
-0.00109253
-0.0011261
-0.00113831
-0.00105896
-0.000921631
-0.000839233
-0.000762939
-0.000701904
-0.000656128
-0.000579834
-0.000476074
-0.000390625
-0.000314331
-0.000189209
-8.23975e-05
1.83105e-05
2.74658e-05
4.57764e-05
0
9.15527e-05
3.66211e-05
7.93457e-05
0.00012207
0.000137329
0.000341797
0.00038147
0.000491333
0.000546265
0.000512695
0.000500488
0.000543213
0.000485229
0.000524902
0.00055542
0.000619507
0.000775146
0.00085144
0.000854492
0.00093689
0.000906372
0.00102844
0.00112305
0.0010498
0.0012085
0.001297
0.00127869
0.00122681
0.00127869
0.00124512
0.00130005
0.00115356
0.00109558
0.00105896
0.00102234
0.00103149
0.000924683
0.000753784
0.000601196
0.000564575
0.000421143
0.000390625
0.000326538
0.000271606
6.71387e-05
-3.05176e-05
-3.05176e-05
-1.83105e-05
-2.44141e-05
-0.000177002
-0.00020752
-0.000259399
-0.000408936
-0.000506592
-0.000735474
-0.00085144
-0.00102234
-0.00120239
-0.00126953
-0.00134277
-0.00147095
-0.00152283
-0.00178223
-0.00190125
-0.00201721
-0.00202942
-0.00202942
-0.00201111
-0.00194092
-0.00178223
-0.00170288
-0.00164795
-0.00160828
-0.00156555
-0.00145874
-0.00127258
-0.00109558
-0.000958252
-0.000845337
-0.000708008
-0.000534058
-0.000360107
-0.00022583
-0.000125122
-2.13623e-05
0.000143433
0.000219727
0.00038147
0.000506592
0.000643921
0.000692749
0.00071106
0.000848389
0.000830078
0.000875854
0.00083313
0.000881958
0.000952148
0.00106201
0.00102844
0.00111694
0.00109863
0.00118103
0.0012207
0.00131226
0.00140991
0.00147095
0.00145264
0.00140686
0.00139771
0.00141296
0.00144348
0.00149536
0.00145874
0.00138855
0.00132446
0.00129089
0.00124207
0.00110474
0.00104675
0.000961304
0.000872803
0.000750732
0.0006073
0.000521851
0.000439453
0.000305176
0.000170898
1.83105e-05
-7.62939e-05
-0.00022583
-0.000253296
-0.000308228
-0.000473022
-0.000552368
-0.000576782
-0.000631714
-0.000613403
-0.00067749
-0.000793457
-0.000991821
-0.00106506
-0.0010437
-0.00105896
-0.00102844
-0.00109863
-0.00106812
-0.00108948
-0.00119934
-0.00123291
-0.00129089
-0.00142212
-0.00145874
-0.00147095
-0.001474
-0.00155029
-0.00157166
-0.00152588
-0.00146484
-0.00140076
-0.00136719
-0.00128174
-0.00126038
-0.00117493
-0.00109558
-0.00100098
-0.000869751
-0.000762939
-0.000653076
-0.000561523
-0.000457764
-0.000436401
-0.000387573
-0.000317383
-0.000186157
-8.54492e-05
3.35693e-05
8.8501e-05
0.000231934
0.000244141
0.000384521
0.000375366
0.000445557
0.000552368
0.000592041
0.000665283
0.000753784
0.000869751
0.000946045
0.0011322
0.00122375
0.00126648
0.00140381
0.00149841
0.00153503
0.00152283
0.00158081
0.00160522
0.00172729
0.00171814
0.00180664
0.00181885
0.00179749
0.00178223
0.0017395
0.00169678
0.00171509
0.0016449
0.00160828
0.00153503
0.0014801
0.00131836
0.00120239
0.00110168
0.00101013
0.000845337
0.000668335
0.000469971
0.000296021
0.000140381
-4.88281e-05
-0.000140381
-0.000253296
-0.00038147
-0.000579834
-0.000683594
-0.000802612
-0.000866699
-0.000921631
-0.0010498
-0.00129089
-0.00133972
-0.00136414
-0.00144348
-0.00153198
-0.00162048
-0.00159912
-0.00154114
-0.00162964
-0.00174561
-0.0019165
-0.0019989
-0.0019928
-0.00194397
-0.00188293
-0.00177612
-0.00166931
-0.00167236
-0.00167236
-0.00164795
-0.00155029
-0.00151062
-0.00146179
-0.00126953
-0.00111389
-0.00107117
-0.000979614
-0.000830078
-0.000656128
-0.000537109
-0.000479126
-0.000415039
-0.000344849
-0.000253296
-6.40869e-05
0.000128174
0.000259399
0.000338745
0.000378418
0.000497437
0.000540161
0.000601196
0.000634766
0.000601196
0.000634766
0.000714111
0.000756836
0.000836182
0.00098877
0.00107727
0.00109558
0.00110168
0.00106506
0.00116577
0.00117798
0.00122375
0.0012085
0.00120544
0.00130615
0.00124207
0.00126648
0.00124817
0.00115051
0.00112305
0.000967407
0.00093689
0.000863647
0.000927734
0.000994873
0.000979614
0.000949097
0.000775146
0.000643921
0.000604248
0.000393677
0.000296021
0.000167847
0.000125122
9.15527e-05
6.10352e-05
3.05176e-05
2.44141e-05
-1.52588e-05
5.49316e-05
-3.66211e-05
-0.000149536
-0.000241089
-0.000289917
-0.000314331
-0.000317383
-0.000344849
-0.000363159
-0.00038147
-0.000436401
-0.000549316
-0.00071106
-0.000906372
-0.00098877
-0.00106506
-0.00108337
-0.00109558
-0.0011261
-0.00113831
-0.00111694
-0.00118408
-0.00117798
-0.00120239
-0.00112
-0.00105591
-0.00101929
-0.000900269
-0.000765991
-0.000695801
-0.000653076
-0.00065918
-0.000531006
-0.000616455
-0.000622559
-0.000671387
-0.000662231
-0.000637817
-0.000613403
-0.000564575
-0.000375366
-0.000286865
-0.000341797
-0.000231934
-0.000177002
-0.000268555
-0.000238037
-0.000216675
-0.00020752
-0.000115967
-4.88281e-05
4.27246e-05
0.000192261
0.000216675
0.00032959
0.000415039
0.000527954
0.000595093
0.000741577
0.000878906
0.000961304
0.00111694
0.00119629
0.00138245
0.0014801
0.0015686
0.00172424
0.00177917
0.00180664
0.0018219
0.00188904
0.00183411
0.00170288
0.00162048
0.00155334
0.00146179
0.00137939
0.00129089
0.00116882
0.0010376
0.000982666
0.000817871
0.000692749
0.000582886
0.000479126
0.000411987
0.000341797
0.00022583
0.000137329
5.18799e-05
-2.74658e-05
-0.000100708
-0.000177002
-0.000256348
-0.000387573
-0.000500488
-0.000686646
-0.000765991
-0.000912476
-0.00104675
-0.00122681
-0.0013092
-0.00144348
-0.00170898
-0.00175171
-0.00168762
-0.00170288
-0.00177612
-0.00178223
-0.00179138
-0.00178528
-0.00184326
-0.00177917
-0.00176392
-0.00168457
-0.00157166
-0.00151672
-0.00139465
-0.00130005
-0.00113831
-0.00103149
-0.000942993
-0.000961304
-0.000863647
-0.000799561
-0.000653076
-0.000518799
-0.000372314
-0.000149536
1.52588e-05
0.000183105
0.000314331
0.000338745
0.00032959
0.000387573
0.000430298
0.000460815
0.00045166
0.000473022
0.000479126
0.000561523
0.000582886
0.00057373
0.000708008
0.000842285
0.00088501
0.000982666
0.000997925
0.00108948
0.00118408
0.00112
0.00109863
0.00118713
0.00120544
0.00131226
0.00139465
0.00137939
0.00141907
0.00145264
0.00140076
0.00133667
0.00130615
0.00122375
0.00106812
0.00090332
0.000775146
0.000756836
0.000564575
0.000546265
0.000527954
0.000543213
0.000631714
0.000601196
0.000564575
0.000527954
0.000460815
0.000411987
0.000308228
0.000259399
0.000146484
9.46045e-05
-4.27246e-05
-0.000143433
-0.000180054
-0.000192261
-0.00020752
-0.000296021
-0.000436401
-0.000595093
-0.000723267
-0.000784302
-0.000915527
-0.00108948
-0.00122375
-0.00125732
-0.00124207
-0.00122986
-0.00123901
-0.00147705
-0.00152588
-0.00148926
-0.00151062
-0.00159607
-0.0015564
-0.00161743
-0.00161133
-0.00155029
-0.00145569
-0.00141602
-0.00135803
-0.00124512
-0.00108643
-0.00090332
-0.000823975
-0.000793457
-0.000680542
-0.000634766
-0.000564575
-0.000521851
-0.000482178
-0.000460815
-0.000326538
-0.00022583
-0.000167847
-9.15527e-06
0.000128174
0.000198364
0.000299072
0.000311279
0.000289917
0.000341797
0.00039978
0.000488281
0.00055542
0.000695801
0.000872803
0.000973511
0.00114136
0.00129089
0.00136414
0.0014801
0.00160828
0.00161438
0.00161133
0.00161438
0.00163269
0.00177307
0.00179443
0.00167542
0.00161438
0.00166626
0.00164795
0.001474
0.00136108
0.001297
0.00126038
0.00126343
0.0011322
0.0010437
0.000970459
0.00085144
0.000598145
0.000424194
0.000292969
0.000146484
6.10352e-05
-8.23975e-05
-0.000170898
-0.000180054
-0.000271606
-0.000439453
-0.000531006
-0.000610352
-0.000653076
-0.000717163
-0.000811768
-0.000909424
-0.00100403
-0.000970459
-0.000985718
-0.00103455
-0.00112
-0.00129089
-0.00137024
-0.00141907
-0.00143738
-0.00137329
-0.0013916
-0.00137329
-0.00127258
-0.00114136
-0.00117187
-0.00115967
-0.00110474
-0.0010376
-0.000891113
-0.000805664
-0.000769043
-0.000646973
-0.000476074
-0.000375366
-0.000323486
-0.000247192
-0.000186157
-0.000170898
-2.13623e-05
-1.2207e-05
-6.10352e-06
-1.52588e-05
7.93457e-05
0.000210571
0.000131226
0.000100708
0.000183105
0.00017395
0.000115967
0.000222778
0.000222778
0.000265503
0.000372314
0.000524902
0.000585937
0.000521851
0.000488281
0.000509644
0.000387573
0.000418091
0.000515747
0.000424194
0.000476074
0.000622559
0.000628662
0.0006073
0.000515747
0.000537109
0.000494385
0.000524902
0.000598145
0.000619507
0.000564575
0.0006073
0.000616455
0.000579834
0.000454712
0.000357056
0.000320435
0.000366211
0.000332642
0.000375366
0.000418091
0.000448608
0.000515747
0.000436401
0.000405884
0.000421143
0.000286865
0.000256348
0.000219727
0.000192261
0.000131226
7.62939e-05
9.15527e-05
-2.44141e-05
-0.000128174
-0.000234985
-0.000271606
-0.000405884
-0.000387573
-0.000372314
-0.000393677
-0.00045166
-0.000552368
-0.000567627
-0.000564575
-0.000616455
-0.00071106
-0.000753784
-0.000808716
-0.000689697
-0.000689697
-0.000653076
-0.000567627
-0.000506592
-0.000405884
-0.000314331
-0.000305176
-0.000241089
-0.000308228
-0.00045166
-0.000552368
-0.000582886
-0.000613403
-0.000537109
-0.000457764
-0.00043335
-0.000341797
-0.000271606
-0.000326538
-0.000292969
-0.000274658
-0.000314331
-0.000360107
-0.000363159
-0.00045166
-0.000454712
-0.000457764
-0.000476074
-0.000457764
-0.000442505
-0.000402832
-0.000354004
-0.000280762
-7.62939e-05
4.88281e-05
0.000180054
0.000350952
0.000445557
0.000595093
0.000744629
0.000845337
0.00085144
0.00100708
0.00107727
0.000946045
0.000973511
0.000946045
0.000949097
0.000961304
0.000872803
0.000802612
0.000839233
0.000750732
0.000799561
0.00072937
0.000567627
0.000552368
0.000552368
0.000537109
0.000558472
0.000515747
0.000567627
0.000582886
0.000534058
0.000421143
0.000317383
0.000259399
0.000317383
0.00020752
9.15527e-06
3.05176e-06
-5.49316e-05
-0.000115967
-0.000125122
-0.000308228
-0.000424194
-0.000427246
-0.000567627
-0.000613403
-0.000674438
-0.000680542
-0.000668335
-0.000753784
-0.00078125
-0.000762939
-0.000790405
-0.000784302
-0.000784302
-0.000674438
-0.00062561
-0.000582886
-0.000549316
-0.000561523
-0.000500488
-0.000466919
-0.000411987
-0.000448608
-0.000469971
-0.000442505
-0.000405884
-0.000317383
-0.000228882
-0.000234985
-0.000149536
-1.83105e-05
1.83105e-05
7.01904e-05
9.15527e-05
1.2207e-05
4.88281e-05
-3.05176e-06
-6.40869e-05
-8.8501e-05
-0.000143433
-0.000131226
-0.000183105
-0.000134277
-0.000128174
-8.8501e-05
-6.40869e-05
6.71387e-05
8.23975e-05
3.96729e-05
6.10352e-05
4.27246e-05
0.000195313
0.00020752
0.000170898
0.000305176
0.000360107
0.000360107
0.000396729
0.000369263
0.000338745
0.000360107
0.000289917
0.000247192
0.000204468
0.000164795
7.32422e-05
9.46045e-05
6.40869e-05
0.000161743
-6.10352e-05
4.27246e-05
0.000125122
0.000283813
0.000292969
0.000531006
0.000405884
0.000128174
0.000296021
0.000558472
0.000994873
0.00150452
0.00145874
0.00165405
0.0017334
0.00144043
0.00150757
0.00128784
0.000756836
0.000189209
-0.000805664
-0.00142822
-0.00204163
-0.00292358
-0.00315552
-0.00297241
-0.00236206
-0.00116577
-3.05176e-06
0.00106201
0.00210266
0.00252686
0.00284729
0.00284729
0.00250854
0.0019104
0.00088501
-0.000119019
-0.000683594
-0.00166931
-0.00232544
-0.00226135
-0.00249634
-0.00231628
-0.00185852
-0.00152588
-0.000857544
-0.00032959
0
6.40869e-05
-3.96729e-05
-0.000231934
-0.000430298
-0.000598145
-0.000582886
-0.000912476
-0.00138855
-0.00168762
-0.00183411
-0.00169373
-0.00122986
-0.000723267
-0.00039978
-0.000201416
6.71387e-05
-0.000131226
-0.000482178
-0.000561523
-0.000643921
-0.000805664
-0.00039978
0.000109863
0.000363159
0.000653076
0.000842285
0.00113525
0.00171204
0.00195618
0.00231934
0.00249023
0.00217896
0.00241089
0.0022583
0.00193481
0.00164795
0.00138855
0.000970459
0.000375366
-0.000204468
-0.000222778
-0.000213623
-0.000180054
0.000204468
0.000457764
0.000875854
0.00147095
0.00137329
0.0014679
0.00171814
0.00152588
0.00176697
0.00207825
0.00144958
0.000958252
0.000296021
-0.000634766
-0.00106201
-0.00188904
-0.00291138
-0.00368958
-0.00424805
-0.00388794
-0.00301208
-0.00213623
-0.00118103
-0.000463867
0.000564575
0.00158081
0.00198059
0.00222778
0.00205994
0.00187378
0.00162048
0.000442505
-0.00108337
-0.00292664
-0.00456848
-0.0053772
-0.00589294
-0.00581665
-0.00509033
-0.00397949
-0.00196533
0.000326538
0.00189514
0.00328979
0.00350342
0.00351257
0.00386047
0.00290833
0.00149536
0.0011322
0.000610352
0.00062561
0.000436401
-0.000448608
-0.00146179
-0.00292358
-0.0039032
-0.0040741
-0.00447998
-0.00378418
-0.00257263
-0.000830078
0.00167236
0.00269165
0.00317078
0.00356445
0.00370483
0.00382996
0.00387268
0.00292969
0.00203247
0.000958252
-0.000186157
-0.000701904
-0.00186157
-0.00324707
-0.00344849
-0.0032196
-0.00193481
-0.000924683
-0.000265503
0.000958252
0.0018219
0.00241394
0.00260315
0.00122986
-0.000244141
-0.00140076
-0.00262756
-0.00269775
-0.00284119
-0.0027832
-0.00116577
0.00127563
0.0039856
0.00531311
0.00498047
0.00500183
0.0050354
0.0040863
0.00234375
0.00115967
0.000460815
-0.000256348
9.76563e-05
0.000289917
-0.00159912
-0.00369568
-0.004422
-0.00361023
-0.00167236
0.000100708
0.00126648
0.00361633
0.00613708
0.00686035
0.00639343
0.00434265
0.00160217
-0.00038147
-0.00170593
-0.00270996
-0.00357666
-0.00463257
-0.00431213
-0.00293884
-0.00265198
-0.00327759
-0.00422668
-0.00422363
-0.00250854
-0.000460815
0.000170898
0.000793457
0.0022644
0.0030365
0.00247803
0.000491333
-0.00295715
-0.00656128
-0.00859375
-0.0088562
-0.00882263
-0.00935364
-0.00875854
-0.00655823
-0.00272522
0.000827026
0.00241089
0.00400085
0.0057312
0.00705261
0.00791931
0.00760803
0.00605469
0.00486145
0.00407715
0.00317383
0.00144043
-0.00240173
-0.00601196
-0.00688782
-0.00641785
-0.00549316
-0.00381775
-0.000784302
0.0032959
0.00687561
0.00879517
0.00925903
0.00860901
0.00726929
0.00635376
0.0056488
0.00437317
0.00262146
0.000930786
-0.000112915
-0.000738525
-0.00280151
-0.00614929
-0.00815735
-0.00754395
-0.00575867
-0.00379028
-0.00191345
0.000604248
0.00348816
0.00540466
0.00603638
0.0046051
0.00225525
-9.76563e-05
-0.00127258
-0.00159912
-0.00330505
-0.0057251
-0.00683594
-0.00596313
-0.00427551
-0.00310974
-0.00261536
-0.00143127
0.00131531
0.0039093
0.00551147
0.00583496
0.00502625
0.0045105
0.00471497
0.00384521
0.00110168
-0.00238647
-0.00485535
-0.00577393
-0.00582886
-0.00562744
-0.00439148
-0.00228577
0.000567627
0.00322876
0.00466614
0.00477905
0.00400085
0.00271606
0.00194092
0.00186768
0.00117493
-0.000698853
-0.00152893
-0.000961304
-0.00105896
-0.00311584
-0.00523376
-0.00563965
-0.00448608
-0.00296936
-0.00147095
-8.23975e-05
0.00130005
0.00247803
0.00384216
0.00375366
0.00168762
-0.000930786
-0.0021698
-0.00218811
-0.00281067
-0.00406189
-0.00530701
-0.00511475
-0.00360718
-0.00229492
-0.00134888
0.000125122
0.00231323
0.00548401
0.00856323
0.00975647
0.00874939
0.00695496
0.00538025
0.00437622
0.00233154
-0.00114746
-0.00460205
-0.00691223
-0.00772095
-0.00770569
-0.00721741
-0.00581055
-0.00329285
9.15527e-05
0.00374756
0.00639648
0.00738525
0.00771484
0.00817871
0.00897827
0.00751038
0.00495605
0.00326233
0.000976562
-0.004776
-0.00598755
-0.00420227
-0.00249329
0.0014679
0.000540161
0.00167847
0.00550842
0.00235901
0.00237122
0.000708008
-0.00192871
-0.00209351
-0.00340576
-0.00548706
-0.00917358
-0.0114899
-0.0153259
-0.0134796
-0.0121552
-0.0105103
-0.00427551
-0.000262451
0.00424805
0.0107635
0.0130066
0.013797
0.0149994
0.011554
0.00782471
0.00650024
0.00469971
0.00184631
-0.00423584
-0.00407715
-0.00471497
-0.00498047
-0.00689697
-0.00875244
-0.00854187
-0.00870972
0.00100098
0.00482788
0.00429688
0.00661316
0.00662231
0.00922852
0.00869141
0.00646667
0.00179443
-0.00254822
-0.00288696
-0.00270081
-0.0071991
-0.0120209
-0.0159729
-0.0204742
-0.0186737
-0.0147278
-0.00932922
-0.00534668
2.44141e-05
0.00784302
0.0125488
0.0180664
0.018042
0.0142426
0.00947571
0.00634766
0.00585938
0.00168152
-0.00114136
-0.0032135
-0.00686646
-0.00730591
-0.00686646
-0.00788879
-0.00826111
-0.00720825
-0.00222778
0.00606689
0.0100708
0.0145874
0.0140137
0.0133209
0.0145721
0.0112091
0.00863953
0.00402832
-0.00112305
-0.00728455
-0.0118439
-0.0140839
-0.0171082
-0.0175201
-0.0124481
-0.00827026
-0.00422974
-0.000537109
0.00488281
0.00913391
0.00887451
0.00895081
0.00863342
0.00757751
0.00790405
0.00450745
0.00065918
-0.00140991
-0.0026001
-0.00204468
-0.0014801
-0.0022644
-0.00360413
-0.0040863
-0.00238953
-0.000469971
-0.00090332
0.000772095
0.000588989
0.00191956
0.00342102
0.00454712
0.00398865
3.66211e-05
-0.00154419
-0.00356445
-0.00540771
-0.00611572
-0.00938416
-0.00970764
-0.00721741
-0.00349426
-0.00100098
-0.000827026
-8.8501e-05
0.000720215
0.000762939
0.00179138
0.00231934
-0.00027771
-0.000808716
-0.000192261
0.000689697
-0.000219727
-0.00159302
-0.0023468
-0.0016449
0.0010376
0.00359497
0.00515747
0.00661011
0.00823059
0.00921936
0.00829163
0.00609741
0.00350647
0.00116577
-2.74658e-05
0.000375366
-3.35693e-05
-0.00039978
-0.000637817
0.000192261
8.54492e-05
0.000283813
-0.000598145
-0.000723267
9.76563e-05
0.00164795
0.00296936
0.0034729
0.00297546
0.00101624
0.000521851
-0.00172729
-0.00661316
-0.00930176
-0.0115082
-0.0134247
-0.0139252
-0.0125092
-0.0102539
-0.00725403
-0.00146179
0.00428467
0.00769043
0.0103943
0.0123108
0.0124939
0.0126312
0.012738
0.0111725
0.00751953
0.00476379
0.00308533
-0.00166016
-0.00657349
-0.010257
-0.0115295
-0.00982666
-0.00731812
-0.00244751
-5.49316e-05
0.00433655
0.00805359
0.00847473
0.00716248
0.0053833
0.00270386
0.00110474
-8.54492e-05
-0.000961304
-0.00423279
-0.0080658
-0.00939941
-0.0104553
-0.0120972
-0.0141113
-0.0149872
-0.0127594
-0.00961609
-0.00314941
0.000881958
0.00418396
0.00781555
0.00895996
0.0105042
0.00989685
0.00594177
0.00335388
0.0009552
-0.000875854
-0.00184326
-0.00438843
-0.00610046
-0.00679626
-0.00613403
-0.00328369
-0.000421143
0.00141907
0.00393372
0.00618896
0.0098053
0.0123047
0.0134613
0.0126221
0.0115784
0.00993652
0.00494995
3.66211e-05
-0.00472107
-0.00746765
-0.00831299
-0.00853271
-0.0068573
-0.00812378
-0.00527649
-0.00169067
0.000665283
0.00101929
0.00301819
0.00237122
0.00394592
0.00484924
0.00630493
0.00527649
0.0033905
0.00389404
0.0033783
0.000952148
-0.00145264
-0.00347595
-0.00380859
-0.00313721
-0.000595093
-0.000622559
-0.000216675
-0.00057373
0.000823975
0.00017395
-0.00119629
-0.00247803
-0.00352173
-0.00346069
-0.00367432
-0.00459595
-0.00606079
-0.00701904
-0.00578003
-0.00431824
-0.00107422
0.00107422
0.00440063
0.00415039
0.0055603
0.00497742
0.00256042
0.00256653
0.000808716
0.000125122
-0.00157471
-0.00398254
-0.00809937
-0.00940552
-0.0102051
-0.0098938
-0.00775146
-0.00394592
-0.00125427
0.00298462
0.00916748
0.0108673
0.0110657
0.00939026
0.0100128
0.00740967
0.0059021
0.0045105
-0.00103149
-0.00200806
-0.00387268
-0.00280151
-0.00403137
-0.00481262
-2.74658e-05
0.000506592
0.00132141
0.00332947
0.00252075
0.000527954
0.00215454
0.00247498
0.00428772
0.00256042
0.00261536
0.000271606
-0.00219116
-0.00438843
-0.00759277
-0.00925293
-0.0111694
-0.00789185
-0.00682983
-0.00658264
-0.00195618
-0.000906372
0.00245361
0.00505371
0.0100159
0.0102722
0.0105347
0.0111633
0.00920105
0.00547485
0.00492554
0.00185852
-0.000946045
-0.00133667
-0.00233765
-0.000915527
-0.00250244
-0.00525818
-0.00195923
-0.00170288
0.00171204
0.00377808
0.00631104
0.00626831
0.00697937
0.00601501
0.00359802
0.000692749
-0.00323486
-0.00475464
-0.00561829
-0.00600891
-0.00783997
-0.00717163
-0.00942688
-0.00755005
-0.00827637
-0.00652466
-0.00573425
-0.00179443
-0.000125122
0.000762939
0.000747681
-0.000640869
-0.00203552
-0.00238647
-0.00223694
-0.00297546
-0.00376587
-0.00350952
-0.00694275
-0.00549622
-0.00972595
-0.00737305
-0.00617065
-0.00107422
0.00538025
0.00779724
0.0114319
0.0110291
0.0165588
0.00718689
0.00754089
0.00622864
0.00385742
0.00285034
-0.000894165
-0.000354004
-0.00513306
-0.0043457
-0.00541382
-0.000241089
-0.00335083
0.00354309
0.00466919
0.00351563
0.00703125
0.00540771
0.00799866
0.00350342
0.00429382
0.00688171
0.00866394
0.00548706
0.0024231
-0.00643005
-0.00741272
-0.00299377
-0.00762634
-0.00613098
-0.003302
-0.000335693
0.00288086
0.00205383
0.00387573
0.00161133
-0.00027771
-0.00293884
0.00435486
-0.00353699
-0.00611267
-0.00532227
-0.00932007
-0.00732117
-0.0065979
-0.00418091
-0.00605469
-0.00175171
-0.0013092
0.00317383
0.00376892
0.00276794
0.00794983
0.00640869
0.00606079
0.00637207
0.00828857
0.00236816
-0.00264587
-0.00211182
-0.00874939
-0.00379028
-0.00761108
-0.00618896
-0.00449219
-3.96729e-05
0.00221863
-0.00574036
0.00583191
0.0037384
0.0082489
0.00455933
0.00751648
0.00521851
-0.00191345
0.00123291
-0.00800476
0.00231628
-0.00397339
-0.00653687
-0.00315552
-0.00789185
-0.00588989
-0.0089386
-0.00410767
-0.00501099
0.00553894
0.00982666
0.00552673
0.00841064
0.00901489
0.0025177
-0.00345764
-0.00256042
-0.0020752
-0.00846252
-0.00696106
-0.00858765
-0.00332642
-0.00714111
0.000100708
-0.00663452
-0.000723267
-0.00135803
0.0033783
0.00401306
0.0031189
0.00509338
0.0105591
0.00671692
0.00316467
0.00897522
0.00733643
0.00135193
0.00314941
-0.00496521
-0.00300293
-0.00666809
-0.00127869
-0.00482178
0.00259399
0.00085144
0.00620728
0.0102905
0.00405579
0.00982056
0.000866699
0.00656128
0.00456848
0.0105591
0.00239563
0.00778809
-0.00903015
0.00575867
0.00167542
-0.0186523
0.00435181
0.0098114
0.039328
0.00769653
-0.0240112
-0.0464417
-0.0786072
-0.070871
-0.0628387
-0.042511
-0.0284393
-0.0214844
0.0305237
-0.0032196
0.0451385
0.0987091
0.161813
0.199786
0.210797
0.176294
0.12504
-0.0430573
-0.082605
-0.130243
-0.193045
-0.213031
-0.28837
-0.193484
-0.273743
-0.199045
-0.130759
-0.0768646
-0.0044281
0.0182831
0.153101
0.184171
0.15495
0.112372
0.0719147
0.0162537
-0.0278717
-0.0707642
-0.143045
-0.152896
-0.0635284
0.015271
0.0734894
0.135474
0.19949
0.235266
0.264679
0.306323
0.338617
0.2509
0.192813
0.129742
0.00431519
-0.0521637
-0.145557
-0.182867
-0.224609
-0.228403
-0.248914
-0.224838
-0.217239
-0.189835
-0.152985
-0.0799225
-0.0474426
0.00700378
-0.0143951
-0.0643494
-0.0983917
-0.0817749
-0.136749
-0.157169
-0.155319
-0.11828
-0.0577362
0.0386078
0.117178
0.184561
0.221552
0.285159
0.282825
0.317316
0.33782
0.277161
0.230881
0.163065
0.122946
0.0501038
-0.0446442
-0.0747955
-0.0746735
-0.0551636
-0.0566223
-0.0526398
-0.0690491
-0.144028
-0.148434
-0.149939
-0.106442
-0.11044
-0.144308
-0.185495
-0.2314
-0.234607
-0.24436
-0.206635
-0.202298
-0.159964
-0.0899445
-0.0202576
0.0266571
0.0656036
0.146347
0.202969
0.26723
0.308624
0.282114
0.242929
0.176141
0.149362
0.15224
0.0982635
0.0541443
0.0375183
0.0488495
0.0388123
0.0661285
0.0576324
0.000805664
-0.0321838
-0.0444183
-0.0101074
0.0163055
-0.0123077
-0.0782135
-0.139249
-0.190204
-0.237003
-0.262213
-0.23291
-0.215601
-0.193494
-0.108319
-0.063385
-0.0241364
0.00837402
0.0656708
0.119223
0.179468
0.19895
0.171597
0.129175
0.0654175
0.0683502
0.0461548
0.0178101
0.00364075
0.00950623
0.00820618
0.0443207
0.0521423
0.0323883
0.00454712
0.0108978
0.0451782
0.104025
0.113483
0.0750977
-0.00854187
-0.0577606
-0.092984
-0.138312
-0.143994
-0.150522
-0.152487
-0.101682
-0.0511444
-0.0156067
0.0181274
0.053067
0.0682159
0.123914
0.149518
0.136349
0.0969238
0.0202606
0.00154114
-0.0391846
-0.0874817
-0.118225
-0.12738
-0.111987
-0.0860901
-0.024295
-0.0270081
-0.0240143
-0.0513123
-0.0151398
0.0210358
0.0856293
0.0492157
0.0109802
-0.0275909
-0.0423706
-0.0579468
-0.0509399
-0.0410217
-0.0457642
-0.0145538
0.0330139
0.0816986
0.113318
0.161267
0.169971
0.209644
0.216354
0.204498
0.178574
0.0934448
0.0387207
-0.0118042
-0.0550873
-0.123825
-0.137708
-0.153262
-0.14928
-0.128769
-0.0973145
-0.0939758
-0.11572
-0.125583
-0.0780762
-0.0395905
-0.0174011
-0.0584747
-0.086319
-0.0999237
-0.112079
-0.11311
-0.107156
-0.0959808
-0.0762939
-0.0172028
0.0369904
0.0937622
0.146405
0.181512
0.211539
0.257938
0.272876
0.288342
0.233691
0.167233
0.122723
0.0916595
0.0368683
-0.000738525
-0.0246704
-0.0465759
-0.0450226
-0.0584595
-0.0778992
-0.111877
-0.130136
-0.139984
-0.104739
-0.0781708
-0.0898132
-0.128714
-0.166132
-0.196323
-0.19986
-0.193951
-0.188699
-0.17439
-0.115591
-0.057019
0.00782166
0.0668091
0.097995
0.148102
0.196542
0.219733
0.262189
0.260666
0.211218
0.178616
0.166519
0.0765717
0.0256805
-0.0166412
-0.0352692
-0.0388519
-0.0143097
-0.00458679
0.00366821
-0.0234955
-0.0227539
0.0255493
0.047937
0.033725
0.062616
0.0421936
-0.00796204
-0.0712555
-0.19884
-0.190659
-0.254303
-0.252844
-0.19668
-0.176315
-0.116965
-0.126273
-0.0278748
-0.0262573
0.00111084
0.0482605
0.0339874
0.0349304
0.044101
0.0312592
-0.008255
-0.00449219
0.00127258
0.0587952
0.16748
0.205789
0.326074
0.346188
0.333389
0.29552
0.211871
0.140475
0.0196869
0.00599365
-0.101944
-0.112357
-0.176117
-0.236407
-0.201575
-0.218311
-0.206195
-0.160706
-0.142776
-0.10011
-0.0730682
-0.0343323
-0.0142731
-0.00118713
0.0226929
0.0277893
0.101999
0.105801
0.115182
0.10979
0.0889557
0.0396027
0.0274292
-0.078006
-0.136444
-0.12662
-0.150098
-0.10863
-0.0814087
-0.0333405
0.0260834
0.126279
0.142477
0.139771
0.122696
0.0721375
-0.0151031
-0.0318481
-0.0774231
-0.105325
-0.129108
-0.136154
-0.0582214
0.0409088
0.106851
0.202023
0.24942
0.293347
0.311221
0.23649
0.0996185
-0.0346527
-0.0758331
-0.161539
-0.162503
-0.150122
-0.164014
-0.119696
-0.104984
-0.0709839
-0.0706055
-0.112457
-0.186658
-0.20845
-0.148065
-0.120706
-0.139307
-0.169376
-0.166995
-0.078009
0.00419922
0.0757385
0.151358
0.202261
0.262885
0.27641
0.254605
0.156467
0.124951
0.103864
0.115186
0.185907
0.214633
0.172473
0.151669
0.108633
0.0650543
0.00889587
-0.0766632
-0.179385
-0.197998
-0.173395
-0.165109
-0.155222
-0.156012
-0.134219
-0.0758362
0.00517578
0.0605865
0.0979706
0.0625458
0.0117798
-0.0767914
-0.190472
-0.271048
-0.322531
-0.342419
-0.28414
-0.165228
-0.0630493
0.0258484
0.122308
0.172922
0.212906
0.275952
0.251984
0.242719
0.221387
0.186072
0.146869
0.0764526
0.0372131
0.0293427
0.0551941
0.0687042
0.119308
0.162421
0.164331
0.132947
0.0427673
-0.05755
-0.109988
-0.135358
-0.165842
-0.157974
-0.179578
-0.202713
-0.176779
-0.197681
-0.204404
-0.215317
-0.225174
-0.220779
-0.177881
-0.10607
-0.0722565
-0.0323151
-0.0125824
0.0641083
0.168649
0.209381
0.256967
0.271762
0.278909
0.27146
0.239926
0.141855
0.0476501
0.0187225
-0.00629883
0.00649719
0.0454407
0.0109222
0.0061615
0.0257904
0.0381836
0.0224915
0.0079895
-0.0961945
-0.166333
-0.180997
-0.195352
-0.196503
-0.230521
-0.225574
-0.162729
-0.0524872
0.0314026
0.107956
0.164407
0.195493
0.250958
0.24454
0.144916
0.0753693
-0.00794373
-0.0783356
-0.0890228
-0.0843811
-0.0964508
-0.0953888
-0.0771545
-0.0621307
-0.0192627
0.00163574
-0.045108
-0.0388794
-0.0351288
0.0184906
0.0517365
0.0404602
0.0445648
0.00866699
0.0050293
-0.0056427
0.00917358
0.0253326
0.0262482
0.0420349
0.0346191
-0.00564575
-0.00630493
0.0164001
0.0524719
0.13627
0.172644
0.204865
0.22514
0.141803
0.0777283
0.0143158
-0.078949
-0.142569
-0.180569
-0.229785
-0.267697
-0.309698
-0.333139
-0.284897
-0.232382
-0.226309
-0.126541
-0.0174622
0.0950775
0.172153
0.19006
0.159244
0.149393
0.113455
0.0916351
0.0916077
0.0734283
0.0611725
0.0792542
0.140768
0.135892
0.139032
0.0855042
0.0222382
-0.0133759
-0.0145752
-0.0144165
-0.0474426
-0.105695
-0.0907806
-0.0745117
0.0281647
0.103506
0.17662
0.221121
0.273425
0.299985
0.214343
0.0793945
-0.0208771
-0.111197
-0.178391
-0.179996
-0.224973
-0.289914
-0.341779
-0.406744
-0.43064
-0.393143
-0.404639
-0.388422
-0.266846
-0.129605
0.0207367
0.157333
0.236063
0.328439
0.44216
0.520105
0.561679
0.553391
0.491132
0.431937
0.306769
0.175497
0.0163208
-0.102988
-0.251062
-0.300241
-0.307239
-0.288058
-0.242593
-0.217178
-0.198343
-0.0935089
-0.0405121
0.00104675
0.0205444
0.0257416
0.0181213
0.0121307
-0.00990906
-0.066153
-0.0905365
-0.0859039
-0.0894531
-0.0688049
-0.0483673
-0.0294464
-0.0284851
-0.0447052
-0.0959625
-0.0968903
-0.0879333
-0.0808502
-0.0375092
0.0414825
0.0929413
0.17562
0.243857
0.289032
0.319034
0.324957
0.297943
0.247855
0.173068
0.0821991
0.00897827
-0.107291
-0.155225
-0.191403
-0.210034
-0.249237
-0.250446
-0.248892
-0.198138
-0.121619
-0.121811
-0.115555
-0.0625702
-0.0547882
0.0397644
0.136697
0.203467
0.248544
0.298343
0.288705
0.239526
0.142184
0.0162933
-0.127478
-0.209396
-0.262653
-0.261066
-0.289731
-0.288318
-0.264832
-0.172806
-0.0612213
0.0446503
0.10965
0.213535
0.301654
0.330988
0.306171
0.239063
0.140915
0.0703674
0.0467102
0.020813
-0.0191437
-0.0420807
-0.0523315
-0.0932831
-0.0648102
-0.0666656
-0.0820526
-0.116229
-0.129337
-0.126657
-0.10051
-0.0843628
-0.108362
-0.0832367
-0.0144928
0.0267822
0.10618
0.149222
0.184122
0.208609
0.197318
0.137192
0.0580109
-0.0437103
-0.0828094
-0.100018
-0.107306
-0.105597
-0.0802704
-0.133286
-0.153214
-0.20094
-0.235544
-0.20329
-0.168155
-0.100269
-0.0146545
0.00740356
0.0319275
0.0902466
0.195248
0.2552
0.307431
0.384293
0.380774
0.363742
0.329889
0.22399
0.0622437
-0.0301361
-0.0594818
-0.0341888
-0.0106995
-0.123453
-0.180405
-0.220245
-0.261014
-0.245749
-0.288394
-0.313858
-0.334756
-0.337805
-0.294891
-0.254517
-0.222922
-0.190982
-0.0467255
0.134363
0.322781
0.441599
0.396725
0.40488
0.363687
0.329001
0.214401
0.0828888
-0.0695618
-0.172766
-0.188049
-0.212988
-0.253497
-0.198773
-0.179196
-0.0234863
0.161661
0.346124
0.384973
0.359363
0.365051
0.322076
0.255881
0.159818
0.052713
-0.046228
-0.163315
-0.247421
-0.336057
-0.448657
-0.534708
-0.560196
-0.474112
-0.334622
-0.209583
-0.168597
-0.0827606
0.0145447
0.137137
0.291821
0.395172
0.417389
0.433594
0.372012
0.285699
0.147601
0.0165161
-0.145459
-0.19736
-0.175906
-0.110287
-0.0584381
-0.097821
-0.129172
-0.0996155
-0.0436188
0.0465973
0.112424
0.176904
0.171503
0.128296
0.0923553
0.0496826
-0.00112305
-0.0698456
-0.0476746
0.0293945
0.0832214
0.116815
0.0354156
-0.0513306
-0.124841
-0.161978
-0.169867
-0.19541
-0.226743
-0.254669
-0.275964
-0.20701
-0.179382
-0.111258
-0.0460724
0.0530243
0.22616
0.408499
0.454703
0.372559
0.312021
0.213428
0.155072
0.120056
0.0659149
0.0155518
-0.0512604
-0.130951
-0.155136
-0.239081
-0.300696
-0.377545
-0.336539
-0.213177
-0.0362396
0.0281219
0.0534943
0.0814667
0.127972
0.204318
0.286618
0.286133
0.287616
0.249338
0.201675
0.0932404
-0.0176117
-0.152448
-0.274124
-0.257407
-0.185263
-0.0747589
-0.0445007
-0.0726349
-0.0828247
-0.0877136
-0.0344177
-0.0467255
-0.0543762
-0.0527344
-0.097818
-0.0878204
-0.0953278
-0.116971
-0.145496
-0.10578
0.00263367
0.127103
0.252808
0.272217
0.279803
0.253979
0.209369
0.213531
0.137143
0.0898376
0.0251678
-0.051358
-0.0569122
-0.0744812
-0.109863
-0.146878
-0.139182
-0.0911163
0.00055542
0.07854
0.02547
0.0239716
-0.00758667
-0.0327606
-0.0596497
-0.0747101
-0.0558807
-0.0834991
-0.103665
-0.10892
-0.128763
-0.102811
-0.195413
-0.199164
-0.198062
-0.0425446
0.0526855
0.0933746
0.116632
0.116855
0.171652
0.243301
0.261224
0.262762
0.197055
0.118979
0.0117218
-0.0687286
-0.0884735
-0.121988
-0.0852234
-0.0387848
0.110583
0.147729
0.154031
0.0945618
0.0203125
0.0310822
0.0405975
-0.0298889
-0.0966614
-0.245914
-0.286057
-0.274881
-0.225906
-0.26044
-0.204459
-0.112469
0.0165985
0.169012
0.197345
0.189346
0.126205
0.0414795
0.0328644
0.0400757
0.0573486
0.0418365
-0.0328888
-0.0736206
-0.0471375
-0.0280914
-0.0808289
-0.0359558
0.019635
0.137244
0.237482
0.175827
0.0970001
0.0927948
0.10275
0.137579
0.149841
0.20694
0.164856
0.0927155
-0.0147827
-0.106256
-0.195062
-0.33942
-0.43226
-0.476166
-0.354196
-0.234558
-0.20668
-0.158057
-0.108243
-0.00791016
0.128598
0.209299
0.297266
0.321335
0.301862
0.239404
0.124765
0.0472961
0.0259888
0.014682
0.0362793
0.135281
0.174368
0.124854
0.0372681
-0.0912842
-0.182751
-0.174557
-0.222897
-0.227429
-0.263138
-0.268658
-0.217776
-0.129517
-0.102066
-0.0282013
0.0845947
0.202829
0.33732
0.391647
0.356015
0.290692
0.147955
0.0261292
-0.0140808
-0.0246796
-0.051828
-0.125546
-0.205615
-0.187769
-0.154996
-0.191132
-0.190674
-0.172229
-0.0894989
0.0524292
0.0935089
0.0675018
0.0991638
0.10246
0.157678
0.144888
0.195197
0.186166
0.113391
0.0350708
-0.00892334
-0.0627441
-0.160666
-0.30527
-0.368515
-0.302029
-0.110742
-0.0643555
-0.0102966
0.0271332
0.0747223
0.186957
0.235904
0.259702
0.223914
0.164511
0.10383
0.0228607
-0.0415833
-0.0708771
-0.0871948
-0.0643127
-0.00251465
0.109213
0.0722321
0.0469452
-0.0315277
-0.107483
-0.0826355
-0.103647
-0.16615
-0.208649
-0.240002
-0.19537
-0.113312
-0.0520874
-0.0422852
0.0506073
0.136139
0.251392
0.264771
0.194318
0.147144
0.0434174
-0.0335937
-0.0554169
-0.0436676
-0.0158081
-0.0568756
-0.113654
-0.0955505
-0.0324524
-0.0042511
0.00473022
0.0531311
0.0950867
0.202365
0.187936
0.119324
0.0870026
0.0598541
0.085675
0.0590698
0.0492889
0.0563354
-0.013504
-0.118591
-0.211407
-0.258432
-0.313101
-0.368265
-0.369342
-0.345242
-0.131442
-0.0420319
0.0172974
0.0693146
0.104584
0.186041
0.273712
0.325055
0.313724
0.256625
0.161401
0.0652039
-0.00513
-0.0396515
-0.0166962
0.0334076
0.0783722
0.206723
0.195035
0.168784
0.0460571
-0.0880219
-0.160257
-0.163696
-0.209445
-0.259985
-0.328815
-0.316895
-0.270023
-0.179276
-0.164627
-0.073819
0.0364258
0.203903
0.299463
0.281839
0.251624
0.151834
0.0492432
0.00605469
0.0218201
0.0545715
0.0392578
-0.0439331
-0.0856323
-0.0595886
-0.0515228
-0.118967
-0.118015
-0.117493
0.0139801
0.0710388
0.0445923
0.0160706
0.0369141
0.059787
0.11864
0.109894
0.156662
0.148779
0.09422
0.0235687
-0.00800781
-0.0950745
-0.196008
-0.25072
-0.286926
-0.147189
-0.0342407
-0.00518799
0.00389404
0.0221405
0.0379852
0.0853088
0.0828583
0.0676636
0.0286438
0.0065033
-0.041626
-0.0769775
-0.104297
-0.0487946
0.0299042
0.0932587
0.213852
0.267331
0.270749
0.207852
0.0958344
-0.0154022
-0.0697113
-0.130249
-0.19993
-0.278864
-0.2728
-0.244263
-0.158258
-0.143311
-0.0732056
0.0180298
0.129926
0.221851
0.20079
0.200818
0.174146
0.0633118
0.00761719
0.000814819
0.0412079
0.0516479
-0.0374573
-0.109268
-0.111566
-0.0558685
-0.09375
-0.0833252
-0.0957916
-0.0146423
0.0622833
0.0502502
0.0371613
0.0786407
0.0910187
0.165967
0.141229
0.17406
0.14267
0.0496918
-0.0883514
-0.153445
-0.193585
-0.262775
-0.312161
-0.343845
-0.242114
-0.0771637
-0.00906677
0.0149292
0.0472992
0.102713
0.188202
0.235547
0.258179
0.193542
0.162338
0.0747498
0.036969
-0.023941
0.0105286
0.0640198
0.0915131
0.16026
0.201782
0.150635
0.0623383
-0.0909271
-0.187982
-0.229663
-0.23663
-0.287332
-0.353
-0.337637
-0.292618
-0.190991
-0.156918
-0.07323
0.0579102
0.191223
0.340207
0.326035
0.286288
0.255499
0.141098
0.0698883
0.0413574
0.0900543
0.107346
0.0454071
-0.0402252
-0.0946503
-0.0857178
-0.145325
-0.174994
-0.159723
-0.0804169
0.0168304
0.0108826
-0.000650024
0.0316101
0.0629761
0.114459
0.112613
0.14429
0.17225
0.151138
0.0389984
-0.0633789
-0.122067
-0.192783
-0.251709
-0.291028
-0.231296
-0.0903442
-0.0101318
0.0131836
0.0134308
0.0271484
0.0494537
0.0588806
0.0850311
0.0793427
0.0781921
0.0111542
-0.0120972
-0.0618774
-0.0152039
0.0623169
0.108249
0.177438
0.262238
0.276477
0.256653
0.121362
-0.00534668
-0.0941589
-0.122656
-0.178812
-0.246481
-0.260223
-0.242642
-0.184491
-0.156628
-0.122598
-0.0526367
0.00637207
0.104684
0.143951
0.120871
0.120847
0.0467224
-0.0206055
-0.0469849
0.0234406
0.0768982
0.0620331
0.00649719
-0.0177032
0.00941467
0.0166443
-0.0339691
-0.0401123
-0.00776062
0.064682
0.0581207
0.0449738
0.0553741
0.0738129
0.101093
0.111374
0.0932312
0.0966034
0.0369751
-0.0557495
-0.138757
-0.166971
-0.196912
-0.235956
-0.261136
-0.213803
-0.078952
0.00316772
0.0431641
0.0450531
0.0764557
0.126059
0.129767
0.119534
0.112817
0.0770905
0.0255585
-0.019165
-0.0332336
-0.0236084
0.067627
0.126138
0.176147
0.228238
0.200815
0.153955
0.0432953
-0.072226
-0.154538
-0.202377
-0.235999
-0.293463
-0.30527
-0.276773
-0.235861
-0.174307
-0.131033
0.00266418
0.103036
0.206192
0.271509
0.240088
0.237039
0.177725
0.110211
0.0568542
0.0813782
0.141605
0.121054
0.0387909
-0.0547241
-0.119492
-0.138156
-0.179666
-0.171423
-0.145746
-0.0492676
-0.0421478
-0.0371368
-0.00700989
0.0196747
0.0563202
0.0838379
0.0968811
0.158578
0.141531
0.0762665
-0.0313721
-0.0822754
-0.122043
-0.139935
-0.160428
-0.147928
-0.0292572
0.0359833
0.0781738
0.0414581
0.00175476
-0.0102417
-0.0240845
-0.022525
0.00754089
-0.00365295
-0.0227295
-0.072934
-0.0362335
-0.0432617
0.0634674
0.132816
0.213943
0.297189
0.322516
0.291956
0.189523
0.0499817
-0.0601959
-0.154181
-0.188385
-0.246613
-0.281708
-0.2733
-0.250348
-0.208035
-0.217276
-0.138351
-0.0804901
0.0394623
0.134372
0.152151
0.154044
0.127441
0.0868042
0.0547363
0.0585419
0.135889
0.148129
0.119022
0.0573395
0.0173798
-0.0259644
-0.0632965
-0.08013
-0.0835205
0.00881653
0.027124
0.016391
0.0356262
0.058078
0.0901245
0.0868073
0.0537354
0.0447174
0.0184692
-0.0240448
-0.11185
-0.159534
-0.207104
-0.206125
-0.20408
-0.187961
-0.0808411
-0.00707397
0.0517395
0.0777863
0.0736115
0.0812164
0.066568
0.0415375
0.0532104
0.0448425
0.0332001
-0.0153351
-0.000653076
-0.0121307
0.0749786
0.137582
0.201083
0.217667
0.214319
0.178958
0.126923
0.0163605
-0.0731293
-0.176013
-0.219156
-0.242926
-0.278763
-0.282806
-0.251227
-0.196301
-0.163483
-0.0674805
-0.00297241
0.104242
0.17923
0.203525
0.189572
0.188403
0.140302
0.112018
0.0781464
0.133914
0.151199
0.101999
-0.0186646
-0.0848206
-0.141202
-0.16088
-0.162216
-0.170236
-0.0948914
-0.0293427
-0.041925
-0.0194397
0.013739
0.0585876
0.103299
0.113483
0.132462
0.120224
0.088913
0.00799561
-0.0601868
-0.103699
-0.110721
-0.103671
-0.101364
-0.0231476
0.0522308
0.057724
0.0568848
-0.0176453
-0.0334442
-0.042868
-0.065921
-0.055127
-0.0574951
-0.0565369
-0.0676422
-0.0655365
-0.0544586
0.00299072
0.10267
0.204425
0.279916
0.297101
0.259799
0.22825
0.111777
0.0242096
-0.070874
-0.143246
-0.167606
-0.204996
-0.22746
-0.216635
-0.203485
-0.236841
-0.20929
-0.143582
-0.0446716
0.0625732
0.103137
0.0981445
0.124408
0.100092
0.100162
0.0606262
0.10694
0.168231
0.198849
0.123578
0.0641235
0.00625305
-0.0518768
-0.0633606
-0.0824615
-0.041684
0.0340851
0.00233765
-0.00215149
0.0100098
0.0266479
0.0299225
-0.029837
-0.0350586
-0.0444519
-0.0369141
-0.0827393
-0.140652
-0.163876
-0.154987
-0.109741
-0.0964935
-0.0281372
0.0726257
0.0997131
0.147852
0.0873657
0.0663971
0.0432159
-0.000878906
-0.0146423
-0.016684
-0.00703735
-0.00603333
-0.0161682
0.000930786
0.0390533
0.126126
0.158835
0.210657
0.204721
0.171555
0.157401
0.0599792
-0.0330505
-0.112616
-0.182858
-0.216302
-0.23822
-0.268301
-0.241205
-0.171664
-0.16806
-0.151648
-0.0753937
-0.00493164
0.108795
0.143481
0.153793
0.1668
0.151465
0.138797
0.100818
0.109546
0.131387
0.128763
0.0387268
-0.0326019
-0.0603302
-0.120331
-0.127417
-0.135855
-0.0882172
0.00982666
0.00714111
-0.0142181
-0.0100098
0.0393677
0.0888336
0.0601929
0.0466095
0.0419952
0.0394104
-0.00747986
-0.0564697
-0.0887634
-0.102579
-0.0600861
-0.0482117
0.00940247
0.0964172
0.083493
0.0637207
-0.00895691
-0.0544373
-0.0620636
-0.0932312
-0.126114
-0.115695
-0.0881897
-0.0673431
-0.0661713
-0.0613556
-0.0178528
0.112906
0.190146
0.278665
0.301486
0.270355
0.245181
0.17608
0.0795837
0.00995483
-0.0665436
-0.129163
-0.158731
-0.201434
-0.223349
-0.219916
-0.250177
-0.283707
-0.207443
-0.12897
-0.00250854
0.0537079
0.0855438
0.112036
0.122571
0.102228
0.0842224
0.0880768
0.15726
0.185529
0.141251
0.0569489
0.0284485
-0.0398407
-0.0660431
-0.0651917
-0.0390717
0.0568634
0.0773376
0.0381317
0.022287
0.0166016
0.0183197
-0.0275665
-0.0812439
-0.0680664
-0.0670776
-0.0955963
-0.132391
-0.136676
-0.147037
-0.099884
-0.0758728
-0.0203278
0.108975
0.168317
0.156021
0.118335
0.0522217
0.0419342
0.0038269
-0.0338409
-0.0559845
-0.0398987
-0.028894
-0.027887
-0.0316498
-0.0321259
0.0351044
0.069754
0.130304
0.175922
0.167047
0.146518
0.101779
0.0296875
-0.0164398
-0.0762085
-0.126941
-0.181433
-0.193994
-0.191656
-0.156934
-0.153223
-0.200531
-0.155621
-0.0914886
0.0315948
0.111694
0.136502
0.171088
0.180017
0.158755
0.14613
0.100723
0.117676
0.102957
0.0746124
-0.00975647
-0.0236664
-0.0841644
-0.12981
-0.11846
-0.0950562
-0.000134277
0.0379364
-0.00375977
-0.00759583
0.0141113
0.0461487
0.0386658
-0.0200684
-0.0148407
-0.00977783
-0.0213715
-0.0644043
-0.057074
-0.0803711
-0.0444275
-0.0182892
0.0122375
0.0839233
0.124463
0.0751465
0.0256958
-0.0366638
-0.0454285
-0.0806
-0.097049
-0.12052
-0.0866089
-0.0690002
-0.06745
-0.0535492
-0.0334656
0.0642639
0.127991
0.191516
0.247284
0.244656
0.221622
0.178839
0.115414
0.0749664
0.0158875
-0.0273468
-0.107507
-0.148404
-0.207114
-0.216983
-0.235638
-0.27984
-0.262015
-0.209116
-0.10155
0.0108582
0.0415527
0.0908112
0.10448
0.0889526
0.106067
0.10896
0.143771
0.164355
0.162613
0.0884521
0.0753021
0.0382233
-0.0125061
-0.0189423
-0.0086853
0.0613892
0.119382
0.0714783
0.00680237
-0.0375977
-0.0560394
-0.0724243
-0.122546
-0.14072
-0.124872
-0.114716
-0.136508
-0.103082
-0.101102
-0.0785034
-0.0482086
0.0131622
0.106305
0.194754
0.17579
0.116013
0.0392761
0.0179901
-0.0152222
-0.0389771
-0.065213
-0.0519806
-0.0280792
-0.0162964
-0.00927734
-0.0357178
0.000732422
0.0407898
0.0858429
0.155273
0.165421
0.144913
0.115543
0.0603302
0.0384186
-0.0172699
-0.0618652
-0.123773
-0.143341
-0.167664
-0.157697
-0.153464
-0.181592
-0.195453
-0.143878
-0.0631989
0.0700409
0.106598
0.145105
0.165613
0.145709
0.124329
0.0847717
0.061911
0.0605621
0.0593384
0.0104187
-0.0180511
-0.0201172
-0.0551056
-0.0619965
-0.0426575
0.00518188
0.0809052
0.0685883
0.03862
-0.00263367
-0.00969849
-0.019693
-0.0581421
-0.0952362
-0.082428
-0.0685364
-0.0798309
-0.0551819
-0.0292816
-0.01203
0.0158295
0.0312744
0.079245
0.137012
0.131339
0.0781311
-0.0206635
-0.0587952
-0.0795563
-0.0987793
-0.101389
-0.109216
-0.0940155
-0.0814301
-0.0328888
-0.0247223
0.0177124
0.0848724
0.122937
0.20116
0.231738
0.223245
0.199057
0.136365
0.111514
0.0674286
0.0307068
-0.0449982
-0.133304
-0.203323
-0.243591
-0.231113
-0.25975
-0.291623
-0.257236
-0.179636
-0.0235931
0.0539337
0.0889008
0.104843
0.107153
0.116577
0.113141
0.114053
0.121759
0.117731
0.0852295
0.0510742
0.0638611
0.040802
0.0294769
0.0293579
0.0766937
0.158957
0.136893
0.0766663
-0.0330597
-0.0790771
-0.0986725
-0.132748
-0.191367
-0.193668
-0.170078
-0.16026
-0.136221
-0.106552
-0.0930634
-0.0328796
0.00133667
0.087616
0.174554
0.206778
0.174512
0.0785553
0.0235565
0.0102448
-0.00426636
-0.0114166
-0.0260651
-0.0161987
-0.0259369
-0.0114349
-0.0437317
-0.0641388
-0.0126068
0.0208221
0.0858917
0.122327
0.132736
0.123502
0.0892609
0.0616425
0.0264404
0.00817871
-0.0155121
-0.0757446
-0.125299
-0.168478
-0.149536
-0.173352
-0.197375
-0.203903
-0.139813
-0.0123718
0.089444
0.13049
0.148709
0.136105
0.109528
0.0641693
0.0392609
0.0471588
0.0415588
0.00930481
-0.0326935
-0.0106812
-0.0028656
0.00823975
-0.0164612
0.0101166
0.104486
0.137616
0.109497
0.0297699
-0.0331268
-0.0420227
-0.0585693
-0.112527
-0.126254
-0.102582
-0.0910767
-0.0751465
-0.0321167
-0.0205658
0.00971375
-0.00683289
0.0135406
0.0852478
0.134195
0.114648
0.0283112
-0.0608276
-0.060144
-0.0508881
-0.0532928
-0.0717682
-0.0747467
-0.0571869
-0.0258301
-0.012204
-0.0258881
0.019101
0.0627136
0.116412
0.162994
0.189896
0.192847
0.162637
0.127576
0.110464
0.0695496
0.0369904
-0.062027
-0.152393
-0.218149
-0.208487
-0.228418
-0.2491
-0.272238
-0.216571
-0.095224
0.0216339
0.0603668
0.0973267
0.100418
0.103699
0.0815765
0.0619293
0.082547
0.092453
0.0771271
0.0357849
0.0641571
0.0780609
0.105811
0.0879913
0.080899
0.143216
0.162775
0.0925598
0.00955505
-0.107779
-0.131717
-0.166428
-0.205255
-0.225195
-0.181064
-0.14574
-0.141479
-0.0962585
-0.0609894
-0.00376892
0.0163452
0.0345184
0.117746
0.182584
0.194498
0.133359
0.0166107
0.00367432
0.00762329
0.0235626
0.0209351
0.00779724
-0.00826111
-0.0262268
-0.0352936
-0.0668396
-0.0534515
-0.0237213
0.0122528
0.0616455
0.0936279
0.129791
0.105463
0.0542511
0.0444763
0.032196
0.0401093
-0.00845337
-0.0830444
-0.157141
-0.144907
-0.145557
-0.161014
-0.180112
-0.162411
-0.0581482
0.0693665
0.125565
0.151111
0.114804
0.0737518
0.0181763
-0.0154968
-0.0109131
0.000778198
-0.00572815
-0.0493164
-0.000588989
0.0396179
0.0731842
0.066214
0.0492004
0.117786
0.185788
0.150421
0.0861633
-0.0389313
-0.0713898
-0.113568
-0.133951
-0.167822
-0.137912
-0.094223
-0.0736786
-0.0322357
-0.00769348
0.0138245
0.00439453
-0.0138306
0.0435577
0.103964
0.126462
0.0832031
-0.0343964
-0.0588257
-0.0526459
-0.0425079
-0.0453186
-0.0338257
-0.0385254
-0.0282928
-0.0239502
-0.037265
-0.022937
0.0138123
0.0511017
0.114972
0.149884
0.197119
0.195923
0.147293
0.11651
0.0893951
0.0489014
-0.0131012
-0.0967346
-0.198752
-0.220966
-0.216678
-0.234143
-0.230884
-0.216391
-0.135767
-0.020224
0.0608643
0.111411
0.109958
0.0898956
0.0500763
0.0169159
0.0165649
0.0411774
0.0443848
0.00890198
0.031781
0.0906067
0.14588
0.16911
0.136414
0.146957
0.18255
0.14747
0.0790955
-0.0492523
-0.128406
-0.179794
-0.213217
-0.23287
-0.208731
-0.17594
-0.154672
-0.111932
-0.0606049
-0.0046814
0.024881
0.0101196
0.063266
0.14584
0.190082
0.186832
0.0813293
0.0180542
0.0267487
0.0409088
0.0363831
0.0315521
-0.0177582
-0.0524902
-0.072406
-0.0958923
-0.102914
-0.0755066
-0.0564911
0.0185181
0.0709747
0.123721
0.14209
0.100687
0.0732788
0.0728516
0.0607147
0.0333038
-0.0268311
-0.11554
-0.163931
-0.144968
-0.15361
-0.15441
-0.142242
-0.0849792
0.0323151
0.116925
0.151877
0.123813
0.0690918
0.0179687
-0.0358398
-0.0588135
-0.0457428
-0.0384369
-0.0531372
-0.0514343
0.0129822
0.0618805
0.118091
0.109863
0.125967
0.181064
0.182413
0.131329
0.0367279
-0.0627533
-0.102118
-0.148611
-0.169101
-0.157352
-0.110403
-0.0878815
-0.0587585
-0.0446411
-0.0279633
-0.000186157
-0.0340088
-0.0157745
0.0495605
0.0937134
0.115988
0.0598633
-0.0196594
-0.0309509
-0.016922
-0.00217896
0.0138519
0.0103363
-0.026239
-0.0311523
-0.0476837
-0.0478119
-0.0200531
-0.00682678
0.0537628
0.105807
0.162668
0.210361
0.183243
0.13396
0.0881622
0.0531586
0.0145111
-0.0398407
-0.122012
-0.21221
-0.209201
-0.20867
-0.199893
-0.192123
-0.166553
-0.0606628
0.0371857
0.105786
0.119003
0.0754089
0.0414673
-0.000894165
-0.0240387
-0.00567932
0.0242035
0.0196747
0.0123932
0.0789612
0.137534
0.19942
0.1806
0.143295
0.155957
0.157559
0.1022
0.00965881
-0.116934
-0.171725
-0.208594
-0.223221
-0.228827
-0.181592
-0.153674
-0.102271
-0.0636505
-0.0322296
0.0121185
-0.000375366
0.00753479
0.0687256
0.134192
0.167456
0.142596
0.0664398
0.0452789
0.0564575
0.0702118
0.0496887
0.0358063
-0.0325836
-0.0556396
-0.0936615
-0.105191
-0.0985199
-0.0811768
-0.022757
0.0395386
0.0738037
0.128757
0.125369
0.0981842
0.0694977
0.0475739
0.0306305
0.00111084
-0.0525574
-0.138632
-0.147107
-0.138339
-0.119565
-0.0991425
-0.0735779
0.00557556
0.088504
0.117972
0.123468
0.0598572
-0.00274353
-0.0595978
-0.111124
-0.11633
-0.0666504
-0.0476776
-0.0620789
-0.0187317
0.058667
0.142938
0.186948
0.167963
0.175833
0.19736
0.164258
0.0943573
-0.0195099
-0.0964111
-0.143478
-0.163785
-0.170673
-0.11972
-0.0913116
-0.0731873
-0.0618439
-0.0529236
-0.0255157
-0.0256195
-0.0488434
-0.0203644
0.0416901
0.102481
0.105896
0.0312134
-0.0113464
-0.00831909
0.0308044
0.0349701
0.0494049
0.00340271
-0.0155334
-0.0427765
-0.0531403
-0.0409424
-0.0254272
0.0108215
0.0900452
0.121262
0.189764
0.190549
0.135104
0.0726593
0.0198547
-0.00804749
-0.0440735
-0.0917145
-0.185834
-0.2069
-0.186368
-0.170395
-0.158075
-0.137366
-0.0646576
0.0499512
0.0987915
0.131686
0.0884277
0.0391113
-0.0147125
-0.0571472
-0.0797516
-0.0379028
0.00402832
0.00258789
0.0359833
0.115768
0.177484
0.217313
0.188092
0.174982
0.181033
0.152899
0.0703461
-0.0445557
-0.125079
-0.178079
-0.219019
-0.251315
-0.209323
-0.154645
-0.120251
-0.0878815
-0.0722656
-0.0348816
-0.00569763
-0.0164948
0.0191742
0.0720856
0.152216
0.177045
0.134451
0.0897797
0.0732391
0.0726166
0.0547546
0.0449615
-0.000552368
-0.0451111
-0.0875153
-0.131723
-0.117807
-0.0883698
-0.0579529
0.0108215
0.0425598
0.111826
0.151859
0.130908
0.0814056
0.0371613
0.0147736
-0.00968323
-0.0306946
-0.103415
-0.142819
-0.131329
-0.107993
-0.0802429
-0.0497498
-0.00307007
0.0740723
0.103342
0.117957
0.0820404
0.0183289
-0.0631866
-0.118552
-0.149161
-0.112195
-0.0633026
-0.0658997
-0.0477509
0.0293732
0.121252
0.190912
0.192447
0.185809
0.195261
0.186868
0.137744
0.0402802
-0.0437469
-0.0922119
-0.128503
-0.158704
-0.135721
-0.0995483
-0.0972412
-0.089035
-0.0939331
-0.0820099
-0.0620239
-0.0873779
-0.0714172
-0.0186707
0.0620239
0.103235
0.0841797
0.0405914
0.041629
0.0519592
0.0608978
0.0574249
0.044165
0.00379028
-0.0205597
-0.0622101
-0.0628876
-0.0336304
-0.00422058
0.0569031
0.109113
0.15188
0.181998
0.147348
0.0812683
0.0183777
-0.0255188
-0.0602081
-0.0922485
-0.134641
-0.174286
-0.17027
-0.157043
-0.130743
-0.107037
-0.0504883
0.0338013
0.0824005
0.103149
0.0928711
0.0432465
-0.0139496
-0.0694641
-0.0975372
-0.0756104
-0.00927429
0.017337
0.032077
0.0774902
0.142087
0.197287
0.195703
0.176474
0.170166
0.133578
0.0880371
0.00194092
-0.0795563
-0.130179
-0.18093
-0.215125
-0.206949
-0.138528
-0.116995
-0.102014
-0.08974
-0.0761505
-0.0341553
-0.0375061
-0.0343292
0.0147095
0.0850861
0.157269
0.160883
0.12464
0.103226
0.0844238
0.0741119
0.0522064
0.0424713
-0.00884399
-0.047522
-0.0940552
-0.103259
-0.0799438
-0.0597229
-0.0232025
0.0301208
0.0771606
0.130826
0.116101
0.0715088
0.0174957
-0.0196747
-0.0360168
-0.0564026
-0.0775055
-0.107391
-0.0942291
-0.0775757
-0.0327118
-0.0243652
0.00837402
0.0628784
0.092807
0.0927643
0.0730011
0.000317383
-0.0671204
-0.131659
-0.155667
-0.159833
-0.0977753
-0.0633453
-0.0305847
0.025885
0.0985504
0.179099
0.200235
0.195575
0.209055
0.184628
0.147949
0.0726685
-0.00782471
-0.0517792
-0.0878784
-0.118289
-0.149823
-0.101031
-0.0910553
-0.086554
-0.0893005
-0.101276
-0.0934784
-0.0974243
-0.0999237
-0.0540985
-0.00690002
0.0649414
0.0802094
0.0689178
0.0628876
0.0669128
0.05961
0.0515381
0.0555908
0.0328064
0.0124817
-0.0317566
-0.0503998
-0.030954
0.00756836
0.0505463
0.100137
0.121158
0.153998
0.128281
0.0758759
0.00733337
-0.0557831
-0.104489
-0.118845
-0.13186
-0.150577
-0.14299
-0.140002
-0.0983429
-0.0691864
-0.0281586
0.0385071
0.0888947
0.0961304
0.0935211
0.0455566
-0.0115326
-0.0764008
-0.102243
-0.111661
-0.0446625
0.00713196
0.0345337
0.0627625
0.105292
0.169315
0.196634
0.181433
0.174167
0.149237
0.109711
0.0550659
-0.0365326
-0.0906738
-0.13118
-0.159875
-0.190323
-0.148126
-0.114026
-0.100143
-0.0994659
-0.0908722
-0.0745758
-0.0611725
-0.0658203
-0.0175476
0.0375031
0.125299
0.158673
0.135107
0.106827
0.0960693
0.0682129
0.0450562
0.0236359
-0.0059021
-0.031427
-0.0609344
-0.0846588
-0.0802521
-0.0564056
-0.0239838
0.0366547
0.0680969
0.116119
0.114774
0.0770569
0.0254944
-0.0172028
-0.064032
-0.0766022
-0.0834473
-0.0855042
-0.0683136
-0.0421417
-0.0251556
-0.00400696
-0.0029541
0.0428467
0.0912689
0.094635
0.0748993
0.0143799
-0.041748
-0.103024
-0.145813
-0.172696
-0.140479
-0.080368
-0.0392212
-0.00101624
0.0521942
0.115692
0.168448
0.172903
0.191577
0.193362
0.16691
0.128296
0.0510773
0.00585022
-0.0270355
-0.065097
-0.123141
-0.131149
-0.106979
-0.100751
-0.109769
-0.132645
-0.13194
-0.115576
-0.120721
-0.0802002
-0.0399139
0.0312469
0.0894501
0.0901337
0.0786987
0.0840668
0.076358
0.054892
0.0559937
0.038736
0.0216888
0.00634766
-0.0268555
-0.0160126
0.0116089
0.0439667
0.0900024
0.103055
0.129892
0.129813
0.0854523
0.0129181
-0.0512482
-0.105121
-0.130173
-0.132822
-0.144293
-0.139185
-0.100693
-0.0819641
-0.0359253
-0.031131
0.0166077
0.0767426
0.100812
0.0982941
0.0561676
0.00554504
-0.0462463
-0.0873352
-0.102194
-0.0782532
-0.02388
0.000595093
0.0209778
0.0540314
0.102432
0.150641
0.13317
0.137015
0.148401
0.137057
0.0998932
0.0236786
-0.0478516
-0.0676483
-0.0905762
-0.133411
-0.15105
-0.12352
-0.102448
-0.0876648
-0.10481
-0.0975372
-0.0839722
-0.0840454
-0.0506927
0.00646667
0.0741608
0.135825
0.1276
0.0952911
0.0863159
0.0887146
0.0448822
0.0226227
-0.0024231
-0.0124084
-0.00897827
-0.0454895
-0.0559967
-0.047226
-0.00811462
0.0467041
0.0745636
0.0967316
0.11134
0.0802979
0.0292633
-0.0292145
-0.0718506
-0.106406
-0.100534
-0.0941986
-0.0716583
-0.0265198
-0.0106079
0.00544128
-0.00335693
0.0171143
0.0693939
0.0874908
0.0691162
0.0298401
-0.0288147
-0.0707611
-0.127078
-0.159247
-0.150687
-0.0895447
-0.0408661
-0.00550232
0.0275238
0.0789185
0.138046
0.150137
0.155972
0.176993
0.182672
0.15751
0.110153
0.0370361
0.0066864
-0.0224426
-0.0765656
-0.125446
-0.115692
-0.105847
-0.100497
-0.127783
-0.127509
-0.112283
-0.114139
-0.10947
-0.0673309
-0.010199
0.06409
0.080072
0.0540924
0.0425476
0.0661102
0.05112
0.0386688
0.0305176
0.024054
0.0445648
0.0348907
0.0304657
0.0365112
0.0539917
0.0893524
0.104178
0.0996735
0.112955
0.0622192
-0.00531311
-0.0777466
-0.115881
-0.15535
-0.155164
-0.160172
-0.141995
-0.087207
-0.0371735
-0.013092
-0.00474548
-0.000982666
0.0654602
0.106519
0.105551
0.0763092
0.0122772
-0.0248962
-0.0649292
-0.0860779
-0.0974701
-0.0515961
-0.0220337
0.00195923
0.0290344
0.0671753
0.109329
0.117514
0.107956
0.138049
0.151672
0.131024
0.0721222
-0.00150757
-0.0380188
-0.05065
-0.0862793
-0.140363
-0.135236
-0.113446
-0.0883789
-0.0954376
-0.0964874
-0.0728058
-0.0634064
-0.0494354
-0.00389404
0.04599
0.107785
0.113123
0.077417
0.0476959
0.057547
0.0381165
-0.00114136
-0.011319
-0.0227875
-0.00518494
-0.00914917
-0.0167358
-0.0031311
0.0131805
0.0568573
0.0841522
0.0820679
0.105032
0.0800507
0.0256226
-0.0431213
-0.077475
-0.115601
-0.108789
-0.101685
-0.0820251
-0.0386108
0.00687256
0.0201721
0.021051
0.00540466
0.0418304
0.0744629
0.080722
0.0608765
0.00219116
-0.0555359
-0.106372
-0.13389
-0.152847
-0.106998
-0.0673615
-0.0389313
-0.0140137
0.0371063
0.0888489
0.120959
0.112561
0.145825
0.178198
0.203915
0.165579
0.0990875
0.033902
0.00662537
-0.0303009
-0.0924042
-0.121362
-0.126886
-0.117035
-0.124344
-0.131635
-0.117603
-0.114395
-0.119427
-0.0806091
-0.0273285
0.0477173
0.0779175
0.0518677
0.0195282
0.0364319
0.0472473
0.0264679
0.0137634
0.011322
0.0358612
0.0603729
0.066095
0.0747833
0.0713959
0.0877197
0.1146
0.105658
0.105392
0.0805328
0.0124146
-0.0611023
-0.104614
-0.144266
-0.160956
-0.160312
-0.147769
-0.105429
-0.0448059
-0.0096344
0.00122986
-0.00813599
0.0235931
0.0789825
0.103726
0.0979828
0.0550385
0.00576477
-0.0291138
-0.0527313
-0.0808716
-0.0656128
-0.0357239
-0.0198364
-0.00886536
0.0152191
0.0511078
0.0853638
0.0756012
0.0977448
0.122711
0.147229
0.122342
0.0632019
0.00180054
-0.024881
-0.0481354
-0.0940552
-0.121295
-0.11792
-0.108514
-0.0970612
-0.103427
-0.0807556
-0.0549561
-0.0559296
-0.0269531
0.00739136
0.0662323
0.0985596
0.0759949
0.0290894
0.0150269
0.0227997
0.01185
-0.00369568
-0.0100647
-0.00924072
0.0157227
0.0206726
0.0402069
0.0402374
0.0456177
0.0710571
0.080426
0.0873444
0.0858795
0.0356354
-0.0318634
-0.0788574
-0.0972778
-0.104868
-0.08927
-0.0851288
-0.059491
-0.0174103
0.022934
0.0345398
0.00164795
-0.00344543
0.0312653
0.0669312
0.0736389
0.0336578
-0.0282043
-0.0740509
-0.0959686
-0.111285
-0.105273
-0.062326
-0.0445953
-0.0202332
0.00116577
0.0538605
0.0949463
0.0947174
0.10722
0.145721
0.191385
0.199631
0.138281
0.0635468
0.0101715
-0.00907593
-0.0581848
-0.108984
-0.123996
-0.127213
-0.109619
-0.117505
-0.111719
-0.0957123
-0.0953674
-0.0814484
-0.0467896
0.00737915
0.0536194
0.0455627
0.00633545
-0.0103363
0.0125916
0.0206757
0.0190491
0.0241913
0.0441925
0.0790314
0.0955017
0.105878
0.0951569
0.086026
0.0948822
0.0921844
0.073996
0.0634613
0.0163818
-0.0534332
-0.116141
-0.152634
-0.168536
-0.152408
-0.140353
-0.10752
-0.0677216
-0.0141846
0.0191772
0.00313416
-0.00072937
0.0362915
0.0795319
0.106894
0.0993347
0.0513275
0.00401306
-0.027774
-0.0561493
-0.0754456
-0.0412323
-0.0278992
-0.0162964
-0.0204803
0.0192383
0.0646973
0.0742493
0.0653717
0.091922
0.122998
0.158328
0.119064
0.0462006
-0.0194366
-0.0395233
-0.068985
-0.10473
-0.113821
-0.113623
-0.0947327
-0.0831116
-0.0622314
-0.0316589
-0.0208618
-0.0251617
-0.00556641
0.0249146
0.0769592
0.0655579
0.0111298
-0.0420227
-0.0331329
-0.0179474
-0.0104767
-0.0187592
-0.00961304
0.0178162
0.051355
0.0774017
0.0861511
0.0701324
0.077066
0.088028
0.0852203
0.0849609
0.0495483
-0.0135437
-0.070755
-0.097287
-0.10997
-0.100571
-0.100812
-0.0901642
-0.0604706
-0.0121155
0.0255981
0.0163025
-0.0145569
0.0113953
0.0478882
0.0776886
0.0714142
0.0244812
-0.0285034
-0.0617065
-0.0826111
-0.107938
-0.0863953
-0.0600525
-0.0417999
-0.0311462
0.000146484
0.0552704
0.0900574
0.0920654
0.128412
0.163095
0.208591
0.184845
0.11214
0.0317291
-0.00715637
-0.046698
-0.0990753
-0.124728
-0.124463
-0.116943
-0.113956
-0.11022
-0.0855682
-0.0655487
-0.0624512
-0.0484039
-0.0309052
0.0268402
0.0417694
0.0152985
-0.0407257
-0.034433
-0.0173187
0.0152771
0.0294373
0.0471344
0.0768951
0.102701
0.118802
0.132349
0.110706
0.101926
0.0897064
0.0729309
0.0671204
0.0480103
-0.00523682
-0.0821075
-0.124225
-0.152533
-0.135001
-0.126508
-0.124994
-0.103317
-0.0606812
-0.00666199
0.0131165
-0.0203308
-0.00264587
0.0332336
0.0851288
0.114328
0.100323
0.0496796
0.0043335
-0.0277344
-0.0556
-0.048526
-0.0298096
-0.03125
-0.0374176
-0.0292053
0.0242279
0.0529968
0.0414429
0.0517792
0.0832458
0.138483
0.152823
0.0962738
0.0117889
-0.0269714
-0.0540466
-0.0863617
-0.106201
-0.105051
-0.0889069
-0.0700226
-0.0551117
-0.0228912
-0.00597534
-0.0116699
-0.017099
-0.0065094
0.0320648
0.0522034
0.0156586
-0.0564209
-0.0672852
-0.0509216
-0.0191895
-0.00370483
0.00273437
0.0299225
0.0646729
0.082016
0.104044
0.0907074
0.0815826
0.0750061
0.0649658
0.0603882
0.0552307
0.0249939
-0.0367615
-0.0715942
-0.0971924
-0.0880127
-0.0813232
-0.0839752
-0.0758209
-0.0493896
-0.0144897
0.0117462
-0.0166321
-0.018457
0.00531006
0.0382416
0.0645325
0.0625549
0.0256317
-0.0166504
-0.0532562
-0.0805786
-0.0804291
-0.0503021
-0.0358185
-0.034906
-0.0312347
0.0197052
0.074411
0.0880737
0.101871
0.128098
0.164108
0.191769
0.154965
0.0693359
0.00307312
-0.0444427
-0.0892639
-0.115088
-0.111304
-0.103217
-0.0972961
-0.0950775
-0.0657135
-0.0378265
-0.0333038
-0.0437073
-0.0435089
-0.0193848
0.0204895
0.00426941
-0.0542511
-0.0838806
-0.0599335
-0.0228119
0.0287903
0.0576233
0.0827393
0.108673
0.120264
0.141696
0.136859
0.111661
0.0866974
0.0560699
0.046814
0.039386
0.00601196
-0.0620972
-0.11593
-0.138855
-0.135815
-0.113876
-0.114413
-0.108298
-0.082666
-0.0442932
0.000308228
-0.00489807
-0.0135284
0.0183105
0.0566986
0.106201
0.121204
0.0925598
0.0378876
-0.00986938
-0.0448212
-0.0578796
-0.0456818
-0.0378632
-0.0394287
-0.0421295
-0.0103241
0.0393188
0.0462128
0.0497162
0.0748291
0.111023
0.146097
0.130103
0.0603943
-0.0103638
-0.0450348
-0.087439
-0.106857
-0.0988403
-0.0722443
-0.0452484
-0.0312439
-0.00245972
0.0208008
0.0236542
0.00800476
-0.00395508
-0.00309753
0.0157471
3.66211e-05
-0.056189
-0.108456
-0.0995911
-0.0838898
-0.0385986
-0.00244446
0.0324921
0.0675262
0.0841705
0.105673
0.116003
0.105872
0.0941284
0.0701202
0.0577698
0.0640503
0.0547272
0.0109314
-0.0416809
-0.0763153
-0.0991455
-0.0853607
-0.090097
-0.0876923
-0.0845306
-0.0616211
-0.0256653
-0.01203
-0.0272766
-0.0104919
0.0113892
0.0499542
0.0780609
0.0733734
0.0260468
-0.0217804
-0.0686523
-0.0829315
-0.0664734
-0.0468018
-0.0385925
-0.039035
-0.00652161
0.0612244
0.0981293
0.105392
0.115732
0.134174
0.16481
0.159692
0.100717
0.00769653
-0.0449066
-0.0966888
-0.120718
-0.122726
-0.101178
-0.0842163
-0.0762115
-0.0518066
-0.0152893
-0.00635681
-0.0145294
-0.0311462
-0.0324188
-0.00570068
0.00149536
-0.0393433
-0.0909393
-0.0844116
-0.0549438
-3.05176e-05
0.0451996
0.0760834
0.101083
0.117517
0.125708
0.135367
0.11579
0.102667
0.0740509
0.0491913
0.0473785
0.036908
-0.00388489
-0.0555206
-0.0916199
-0.118179
-0.111148
-0.111896
-0.11257
-0.111789
-0.0894531
-0.0539124
-0.0212952
-0.0217987
0.0046051
0.0411407
0.0871948
0.117487
0.12135
0.0803528
0.0318848
-0.0265289
-0.0642487
-0.0655701
-0.0472107
-0.0390778
-0.0458191
-0.0409882
0.00905457
0.0504333
0.0643829
0.0771973
0.0898895
0.120682
0.122684
0.0899933
0.0113281
-0.0440582
-0.0897247
-0.116629
-0.110187
-0.0694702
-0.0335571
-0.0172974
-0.0139313
0.0238495
0.0355591
0.0295135
-8.8501e-05
-0.0251099
-0.0167175
-0.00760193
-0.0426941
-0.102838
-0.125015
-0.107907
-0.0603546
-0.00252991
0.0413208
0.0692413
0.0889587
0.0922546
0.114914
0.109695
0.103403
0.0793213
0.0560974
0.0590973
0.0772919
0.0569733
0.00738831
-0.0402679
-0.0744537
-0.0771851
-0.0781097
-0.0940369
-0.108038
-0.102484
-0.0726776
-0.0417755
-0.0416595
-0.0330505
-0.0081665
0.0335632
0.0699005
0.0884888
0.064856
0.022879
-0.0305603
-0.072525
-0.0743134
-0.0548279
-0.0344025
-0.0268646
-0.0145813
0.0428101
0.0959381
0.108224
0.110602
0.109631
0.132794
0.1349
0.103891
0.0295746
-0.033902
-0.0814056
-0.121381
-0.132065
-0.10538
-0.0623993
-0.0350433
-0.0299194
0.00145264
0.0180389
0.0143005
-0.011554
-0.040097
-0.0427246
-0.029425
-0.0445313
-0.089624
-0.109259
-0.0874146
-0.0429169
0.0142578
0.0671875
0.109125
0.131677
0.12634
0.129211
0.120401
0.110077
0.0873505
0.0484924
0.0210754
0.0265778
0.0133026
-0.0252686
-0.0711334
-0.108215
-0.119968
-0.106619
-0.106635
-0.106525
-0.106735
-0.0768219
-0.039502
-0.0155518
0.00568542
0.0363708
0.0653168
0.0934814
0.113589
0.0984436
0.0584869
-0.00405273
-0.0615723
-0.0781372
-0.0556488
-0.0324463
-0.0291229
-0.0356995
0.00241089
0.0599518
0.0853821
0.0877075
0.0798706
0.0864563
0.0993439
0.0802094
0.0261993
-0.0378448
-0.0800659
-0.112936
-0.114667
-0.0765228
-0.0194427
0.013504
0.0156738
0.0321136
0.0562256
0.0503571
0.0192017
-0.0236542
-0.0393158
-0.0309357
-0.0433899
-0.098526
-0.143579
-0.136066
-0.094281
-0.0382904
0.0183258
0.0656891
0.0923889
0.0988342
0.103833
0.105289
0.101672
0.100412
0.0781342
0.0658936
0.0781464
0.0783508
0.038678
-0.0140594
-0.0565369
-0.0819946
-0.0842102
-0.097821
-0.103226
-0.111124
-0.0953918
-0.0647278
-0.0528381
-0.0386414
-0.00634766
0.0238403
0.0560333
0.0727966
0.0658936
0.0349457
-0.00927734
-0.0668701
-0.0949799
-0.0756134
-0.0409119
-0.0100739
0.00112915
0.0380096
0.096051
0.123727
0.126843
0.119238
0.112558
0.116864
0.088681
0.0375366
-0.0308533
-0.0786957
-0.128284
-0.153558
-0.135995
-0.0752014
-0.0199188
-0.00460815
0.00220032
0.0249695
0.0276093
0.015094
-0.0242401
-0.0409973
-0.0332733
-0.0248291
-0.0543304
-0.0907013
-0.0925964
-0.0666138
-0.0197754
0.0278381
0.0831085
0.113251
0.116998
0.111078
0.107816
0.0996155
0.102695
0.075177
0.0530701
0.0501526
0.0637634
0.0333252
-0.0166565
-0.0712738
-0.106461
-0.113031
-0.120941
-0.125833
-0.130093
-0.116309
-0.070993
-0.0399384
-0.0141663
0.0261139
0.0574585
0.0934875
0.110901
0.109656
0.0702789
0.0244995
-0.0418243
-0.0847534
-0.0826965
-0.0584106
-0.0378662
-0.0321655
-0.0100586
0.0458588
0.0821655
0.0859344
0.0817902
0.0765686
0.0873596
0.0758728
0.0324677
-0.026535
-0.0627258
-0.0930969
-0.106134
-0.0955688
-0.0435181
0.0109833
0.0335754
0.0351196
0.0468079
0.0447235
0.0274994
-0.0103516
-0.0367401
-0.0405914
-0.0375641
-0.0734406
-0.118335
-0.13078
-0.109354
-0.0649658
-0.0243164
0.0308441
0.0772003
0.0975739
0.0961456
0.0945831
0.0856384
0.0998291
0.0985474
0.0884125
0.0799774
0.0931396
0.070932
0.0324463
-0.0179169
-0.0563171
-0.0771729
-0.0909393
-0.104691
-0.11069
-0.116644
-0.0951202
-0.0745087
-0.06203
-0.0230316
0.0116394
0.0434082
0.0603729
0.0662109
0.0432159
0.0177368
-0.0355042
-0.0760895
-0.082431
-0.0446136
-0.00172729
0.0252625
0.0390381
0.0865204
0.120981
0.124942
0.113245
0.0936493
0.0862518
0.0762787
0.034903
-0.0203979
-0.0652374
-0.10419
-0.127988
-0.128094
-0.0817963
-0.0172668
0.0189148
0.0223938
0.0308289
0.0298401
0.0167694
-0.0181244
-0.0489838
-0.0507111
-0.0334656
-0.0420715
-0.0769653
-0.0957397
-0.0838074
-0.0462952
-0.00298462
0.0407867
0.0871918
0.106885
0.102933
0.0959229
0.0769836
0.0741089
0.069162
0.0544647
0.0461517
0.056488
0.0492249
0.0135315
-0.0333954
-0.0728882
-0.0956299
-0.102615
-0.117233
-0.115121
-0.111105
-0.0779877
-0.0414215
-0.0299957
-0.00354614
0.0318481
0.0640686
0.0840149
0.0808655
0.052652
0.0227539
-0.0194641
-0.0614044
-0.0831757
-0.0623779
-0.0268951
0.00606995
0.0212677
0.064743
0.0999268
0.105759
0.0931366
0.0765137
0.0656738
0.0587738
0.0253204
-0.0245026
-0.0550079
-0.0711914
-0.0870483
-0.0902924
-0.0650146
-0.00255127
0.0465057
0.0561157
0.0568542
0.0497681
0.0375153
0.00644531
-0.0296204
-0.0504913
-0.0509613
-0.061438
-0.101675
-0.124039
-0.117786
-0.0888458
-0.0460602
-0.00731812
0.0498505
0.0857025
0.0961823
0.0958832
0.087262
0.0921448
0.107941
0.105185
0.0939331
0.0903809
0.0892334
0.0547791
0.00603638
-0.0470856
-0.0776215
-0.0907074
-0.105533
-0.112357
-0.121408
-0.108963
-0.0797577
-0.0675079
-0.0481445
-0.00891724
0.0263428
0.0506195
0.0552612
0.0339142
0.00438538
-0.0281403
-0.0681915
-0.0804993
-0.0561218
-0.00436401
0.0368042
0.0516296
0.0849823
0.128888
0.140094
0.120425
0.0968109
0.0802582
0.071106
0.0403046
-0.0251373
-0.075708
-0.102249
-0.121768
-0.125842
-0.110928
-0.0557159
0.00136719
0.0264679
0.0366272
0.0367615
0.027536
0.00452271
-0.0256409
-0.0377319
-0.0219391
-0.0150452
-0.0506439
-0.0877625
-0.0902832
-0.0667603
-0.0323212
-0.00415955
0.0375763
0.0791565
0.100137
0.100681
0.0870239
0.0714539
0.0810883
0.0844513
0.0829498
0.0783264
0.0743713
0.0424469
0.000137329
-0.0499786
-0.0817627
-0.0964233
-0.107187
-0.111737
-0.102969
-0.0821228
-0.0442566
-0.0271484
-0.0201874
0.0143066
0.0511932
0.075177
0.0730072
0.0468262
0.00883789
-0.0172546
-0.0586792
-0.0844299
-0.0863739
-0.0482086
-0.00428467
0.0233307
0.0458069
0.0929626
0.109558
0.102267
0.0779877
0.060965
0.0487122
0.0293518
-0.0154266
-0.0566986
-0.0686127
-0.0772858
-0.08526
-0.0801331
-0.0402893
0.0162415
0.0451355
0.0511139
0.0521423
0.0378204
0.0201965
-0.0170624
-0.0416138
-0.045163
-0.0367157
-0.0623901
-0.10162
-0.117084
-0.101111
-0.0711761
-0.0385284
-0.00428772
0.045105
0.072348
0.0875824
0.0932404
0.090329
0.102261
0.109692
0.109845
0.106934
0.105734
0.0776733
0.033313
-0.0201996
-0.0568268
-0.0754578
-0.0928192
-0.110187
-0.117471
-0.1121
-0.0767059
-0.0583008
-0.0535614
-0.0348877
0.00465698
0.0374878
0.0467804
0.0305908
-0.00644531
-0.0283752
-0.053064
-0.0601624
-0.0501282
-0.013736
0.0320587
0.0630188
0.0855621
0.13071
0.146188
0.134161
0.0975403
0.0760162
0.0609924
0.0391754
-0.0127045
-0.0696167
-0.0932556
-0.100339
-0.105463
-0.107559
-0.0800171
-0.0251221
0.0153442
0.0305786
0.0376709
0.0207123
0.00744019
-0.0189362
-0.0277191
-0.0214081
-0.000411987
-0.0175598
-0.0527405
-0.0772491
-0.0678223
-0.0469177
-0.0218506
0.0032959
0.0463226
0.0777374
0.088681
0.0780426
0.0594574
0.0546692
0.0626251
0.0678711
0.0682159
0.0723663
0.0542023
0.0174896
-0.0297363
-0.0674438
-0.0840454
-0.0873657
-0.090741
-0.0850433
-0.0741699
-0.0449554
-0.0269104
-0.0225739
-0.0187866
0.0110321
0.0385895
0.0507111
0.0382965
0.00270691
-0.0297913
-0.0603729
-0.0798309
-0.0751373
-0.0457062
0.0034668
0.038974
0.0610199
0.10144
0.128235
0.122495
0.0881073
0.0586365
0.0445496
0.037851
0.0086731
-0.0363251
-0.0658325
-0.0690063
-0.0685394
-0.0669128
-0.0521423
-0.0109344
0.0273102
0.0436279
0.0548309
0.0419647
0.0199341
-0.0163574
-0.0420197
-0.0458527
-0.0263641
-0.0323029
-0.0693512
-0.106113
-0.10231
-0.0793152
-0.0494049
-0.0253479
0.0111572
0.0511749
0.0845276
0.102963
0.0991486
0.0914825
0.0954468
0.10275
0.106659
0.108185
0.0852539
0.0398468
-0.00947571
-0.0482727
-0.0696259
-0.0799408
-0.0946594
-0.0999786
-0.0954163
-0.0652863
-0.0434387
-0.0419586
-0.0476074
-0.0304657
0.00168762
0.0238342
0.0161774
-0.0167328
-0.0508942
-0.06492
-0.0678955
-0.0499756
-0.022522
0.0236389
0.0655212
0.0908752
0.123294
0.149152
0.143494
0.111136
0.0723541
0.0508148
0.0344269
-0.00253296
-0.0566101
-0.0987213
-0.105783
-0.102145
-0.0957886
-0.0852722
-0.0463531
-0.00483398
0.0207397
0.0395996
0.0401947
0.0274628
0.00713501
-0.0102844
-0.0104706
0.00629578
0.0112152
-0.022345
-0.0663605
-0.0843842
-0.0711914
-0.0477814
-0.0266296
0.00323792
0.0347504
0.0634155
0.0811279
0.0781036
0.0709595
0.0669647
0.0730682
0.0789642
0.0871704
0.0754608
0.0356567
-0.0139679
-0.0576111
-0.0751709
-0.0724182
-0.0674988
-0.0612701
-0.058783
-0.0372406
-0.00846863
-0.00606995
-0.016452
-0.0185577
0.00513
0.0315521
0.0390869
0.00963135
-0.0366486
-0.0719055
-0.0921295
-0.0799988
-0.0541138
-0.0126648
0.0278717
0.053421
0.0842285
0.121152
0.127267
0.103674
0.0646759
0.046109
0.0477264
0.0354645
-0.00652466
-0.0528625
-0.0734558
-0.0719574
-0.0677612
-0.0693451
-0.0447845
-0.012616
0.0132355
0.0319244
0.0379669
0.021637
-0.00393372
-0.0329895
-0.0350952
-0.017514
-0.00136719
-0.028009
-0.0712646
-0.102524
-0.0920929
-0.0731445
-0.0546356
-0.0254181
0.0142517
0.0600128
0.097821
0.110077
0.106982
0.100534
0.0966064
0.0966156
0.101559
0.0967682
0.0621704
0.0132599
-0.0352325
-0.0604034
-0.0709198
-0.0759888
-0.0791473
-0.0783478
-0.0679535
-0.0366882
-0.035022
-0.0468201
-0.0575348
-0.0424469
-0.016861
0.00359192
-0.00622253
-0.029306
-0.050531
-0.0615051
-0.0485321
-0.0174438
0.0235077
0.0642731
0.0842133
0.103064
0.13764
0.14845
0.130756
0.0847076
0.0487823
0.037204
0.0264618
-0.0115448
-0.0564392
-0.0899689
-0.0934387
-0.0881042
-0.0838348
-0.0640869
-0.0339355
-0.0153687
0.00403137
0.0258057
0.0300446
0.0207275
-0.00854797
-0.0148529
0.00296631
0.0271057
0.0102081
-0.0361633
-0.0818359
-0.0830536
-0.0592651
-0.0397888
-0.0196777
0.00585938
0.031012
0.0660767
0.0839355
0.0816986
0.0707764
0.0573547
0.0555756
0.0638611
0.071106
0.044632
-0.00333252
-0.0520081
-0.0666473
-0.0558258
-0.0412048
-0.0365173
-0.0320648
-0.02789
0.00275269
0.00507202
-0.0143433
-0.0399933
-0.039505
-0.0175934
0.00498352
-0.00457764
-0.0365936
-0.069989
-0.0877533
-0.0789154
-0.0455811
-0.00573425
0.036734
0.0602478
0.0775848
0.111563
0.126328
0.114111
0.0753357
0.0465179
0.0417664
0.0461639
0.0161713
-0.0231232
-0.0593353
-0.067453
-0.0637909
-0.0603302
-0.0513428
-0.0178101
0.000143433
0.0161987
0.0280396
0.0286072
0.0155243
-0.0147888
-0.0340546
-0.0263336
-0.00248413
-0.00878601
-0.0451477
-0.0906555
-0.106097
-0.0881134
-0.0673309
-0.0400848
0.00422058
0.0409485
0.0844757
0.112045
0.121292
0.113593
0.096283
0.0766632
0.0710419
0.0759186
0.060083
0.0186127
-0.0367096
-0.0710144
-0.0738861
-0.0630035
-0.0519623
-0.0423309
-0.0427155
-0.0209961
-0.00924988
-0.0224335
-0.0485474
-0.0598053
-0.0522949
-0.0268463
-0.0152252
-0.0264771
-0.0465424
-0.0671875
-0.0630585
-0.0299896
0.0140137
0.0608185
0.0832184
0.0910065
0.119406
0.144519
0.140338
0.101456
0.0552368
0.0276276
0.0275696
0.00179749
-0.0401672
-0.0828644
-0.103641
-0.101047
-0.0917816
-0.0824341
-0.0518707
-0.0335632
-0.0149017
0.0133209
0.040152
0.0459076
0.0251923
-0.00136414
0.00107117
0.0245544
0.0248291
-0.0119843
-0.0637604
-0.0894592
-0.0755981
-0.0536621
-0.038446
-0.00828247
0.0203156
0.0584961
0.0885559
0.0997375
0.0923248
0.0774384
0.0558441
0.0467743
0.0473938
0.0398926
0.00865173
-0.0362976
-0.0628754
-0.0538452
-0.0330872
-0.0165039
-0.00387268
-0.00310974
0.00815125
0.0188843
0.000326538
-0.0294281
-0.0470215
-0.0453583
-0.028479
-0.0199402
-0.0347229
-0.0565155
-0.0807831
-0.0903656
-0.067926
-0.0271027
0.0220703
0.0527374
0.0573029
0.0765747
0.105515
0.115228
0.100552
0.0737518
0.0557709
0.060379
0.050177
0.0136475
-0.0258575
-0.0584747
-0.0735443
-0.0767944
-0.073822
-0.048645
-0.0266693
-0.0218018
-0.00894165
0.00957947
0.0223114
0.0120911
-0.0169434
-0.0249725
-0.0047821
0.00932312
-0.0142853
-0.0615997
-0.102521
-0.104477
-0.0786194
-0.05065
-0.00812378
0.0304443
0.0678314
0.104315
0.126309
0.12793
0.110742
0.078363
0.0564087
0.0565796
0.0606445
0.0369171
-0.0125336
-0.0641693
-0.0730011
-0.0562927
-0.0381653
-0.0254303
-0.0256958
-0.0227539
-0.00763855
-0.0158325
-0.0468994
-0.0755096
-0.0806488
-0.0601501
-0.0280334
-0.0181915
-0.025885
-0.0423828
-0.0574524
-0.0399933
-0.00339355
0.0420868
0.074649
0.0769165
0.0875488
0.116391
0.129349
0.110773
0.0723572
0.0441925
0.0385376
0.0379944
0.00379639
-0.0374451
-0.0757294
-0.0934784
-0.0981476
-0.0954712
-0.076236
-0.0453735
-0.0308563
-0.00881958
0.0164978
0.0420044
0.0445404
0.0226929
0.00664978
0.0170471
0.0307495
0.0115234
-0.0300537
-0.0732056
-0.083783
-0.0694214
-0.0488708
-0.02164
0.0117126
0.0395691
0.0697266
0.0880066
0.0939331
0.0791107
0.0523407
0.0204254
0.0110901
0.0126495
0.00900574
-0.0143127
-0.0479858
-0.0523102
-0.0285522
0.000769043
0.0217529
0.0261688
0.0195282
0.020285
0.0109528
-0.0181122
-0.0529816
-0.0704956
-0.0712524
-0.052417
-0.0426697
-0.0455811
-0.059491
-0.0791473
-0.0737335
-0.0393463
0.0110077
0.0548096
0.0601929
0.057431
0.08013
0.108331
0.115176
0.0939117
0.0712219
0.0629395
0.0684143
0.0470093
0.00749512
-0.0385651
-0.068277
-0.0794983
-0.0753296
-0.0592468
-0.0303772
-0.0247009
-0.0196899
-0.00567322
0.0160126
0.0221954
0.000756836
-0.026178
-0.0236084
-0.00462341
-0.0104584
-0.0479736
-0.0949524
-0.108984
-0.0885651
-0.050351
-0.0129028
0.0329376
0.0667908
0.101959
0.122144
0.130984
0.113034
0.084668
0.0442352
0.0274017
0.0245239
0.0215332
-0.00448914
-0.0457367
-0.068869
-0.0557648
-0.0283478
-0.00501099
0.00651855
0.00493164
0.00553894
-0.0028656
-0.0303406
-0.0701477
-0.0875366
-0.0833893
-0.055545
-0.0322968
-0.0225037
-0.0268799
-0.0427704
-0.0502655
-0.0292908
0.00965576
0.0597351
0.0780853
0.0758362
0.0863953
0.107343
0.111133
0.0881012
0.0591858
0.0425507
0.0412933
0.0254944
-0.0105408
-0.0531647
-0.0873535
-0.10676
-0.111533
-0.0975525
-0.0556641
-0.0267273
-0.0100403
0.00696106
0.0331543
0.0527832
0.0455292
0.0160828
0.000845337
0.0101868
0.0134003
-0.0143921
-0.0592377
-0.0889435
-0.0863556
-0.0615051
-0.0298889
0.00949707
0.0421783
0.0736481
0.0901428
0.103506
0.0947906
0.0717499
0.0283691
-0.00421448
-0.0128479
-0.00179749
-0.0024292
-0.0248749
-0.0484528
-0.0376221
-0.00400696
0.0296509
0.0440155
0.0402252
0.0358612
0.0272736
0.00623169
-0.0367493
-0.0684418
-0.0812653
-0.0693665
-0.0546387
-0.0448242
-0.0477112
-0.0616852
-0.0776764
-0.0663025
-0.0339417
0.0189575
0.0457214
0.0466705
0.0552002
0.0872162
0.111514
0.107053
0.0866486
0.077121
0.0815216
0.0716339
0.0358795
-0.0128632
-0.0561096
-0.0804504
-0.093631
-0.0899933
-0.0599823
-0.0322845
-0.019873
-0.0133209
0.00184326
0.0191101
0.019754
-0.00284119
-0.0199249
-0.0173828
-0.0136627
-0.0373566
-0.0781311
-0.102924
-0.0904633
-0.0603851
-0.0194061
0.0258301
0.0673309
0.101535
0.115643
0.118497
0.109677
0.0898102
0.0569977
0.0220245
0.00151367
-0.000973511
-0.00379639
-0.0246307
-0.0537018
-0.0589661
-0.0367828
-0.00485229
0.0153717
0.0169495
0.0117371
-0.0020813
-0.0264069
-0.0602661
-0.0828674
-0.0820282
-0.0609619
-0.0392517
-0.0200134
-0.00956726
-0.0139557
-0.0339294
-0.0396393
-0.0217743
0.0258698
0.0648651
0.0691681
0.0643463
0.0794861
0.101044
0.101743
0.0802216
0.0645447
0.0642029
0.0552582
0.0273865
-0.017218
-0.0637207
-0.096994
-0.11792
-0.117688
-0.0806061
-0.0342041
-0.00731506
0.00534058
0.0207184
0.0434418
0.0506958
0.0274048
-0.000863647
-0.00841675
-0.000802612
-0.0114441
-0.0490875
-0.088092
-0.0911499
-0.0724274
-0.0398254
-0.000460815
0.0367432
0.0690125
0.0893585
0.0927917
0.0899536
0.0672516
0.0323944
-0.00681458
-0.0249908
-0.0199738
-0.00430298
-0.00623474
-0.0230316
-0.0267426
-0.00745544
0.0231323
0.0445099
0.0464203
0.0428162
0.0336792
0.0067627
-0.0330231
-0.0761078
-0.0938293
-0.0875336
-0.0707977
-0.0566345
-0.0435913
-0.0439606
-0.0559662
-0.064563
-0.0541107
-0.0188171
0.0235626
0.0417389
0.0528809
0.0728577
0.105194
0.12023
0.111319
0.0996277
0.10015
0.0906708
0.0604034
0.0177338
-0.0295288
-0.0631012
-0.0886932
-0.103308
-0.0831604
-0.0417938
-0.0137878
-0.00339355
-0.00158386
0.0115295
0.018045
0.00291138
-0.0241913
-0.0405701
-0.0454681
-0.0513947
-0.0726685
-0.0956146
-0.0875031
-0.0571014
-0.0193085
0.031131
0.0769348
0.111127
0.126691
0.119843
0.11123
0.0923035
0.0625153
0.017868
-0.0167419
-0.0311646
-0.0217987
-0.0195343
-0.0323059
-0.0421936
-0.0315186
-0.00393982
0.0250641
0.0319489
0.0247437
0.0112488
-0.013443
-0.0436523
-0.0756561
-0.0892883
-0.081015
-0.0582642
-0.0408875
-0.0207703
-0.0168915
-0.0267181
-0.0407623
-0.0365662
-0.00853577
0.0372711
0.0568451
0.0613312
0.0648346
0.0853516
0.0992798
0.0921692
0.073233
0.069278
0.0654938
0.0403992
0.00259094
-0.0496429
-0.0892914
-0.110904
-0.119635
-0.0989105
-0.048468
-0.00658264
0.0185608
0.0253448
0.0349487
0.0412445
0.0310944
0.00430603
-0.00951233
-0.0170563
-0.0229156
-0.0465515
-0.0796783
-0.08927
-0.0662689
-0.0388397
0.00164795
0.0436859
0.0786499
0.103217
0.103812
0.0910675
0.0700226
0.0411163
0.0055481
-0.0210876
-0.0358582
-0.0265289
-0.0147644
-0.0135315
-0.0158569
-0.00714417
0.0109711
0.0385925
0.0530273
0.0552887
0.0500305
0.0278564
-0.0108856
-0.0525757
-0.0829285
-0.0865021
-0.0736359
-0.0647125
-0.0518066
-0.0440125
-0.047818
-0.0624695
-0.0694336
-0.0583984
-0.0154419
0.0197784
0.0445129
0.061203
0.0858063
0.11058
0.119254
0.108203
0.104092
0.101373
0.0769135
0.0416809
-0.00488586
-0.0494659
-0.082312
-0.105499
-0.105731
-0.0671204
-0.0281128
-0.00207214
0.0029541
0.00687561
0.0120178
0.00700989
-0.017746
-0.0361572
-0.0497314
-0.0542938
-0.0647034
-0.0832977
-0.0900299
-0.0620392
-0.0276154
0.0160675
0.0629517
0.096814
0.119461
0.121359
0.111475
0.095517
0.0695557
0.0326385
-0.000320435
-0.0246521
-0.0287933
-0.0228394
-0.0256378
-0.0325684
-0.0270844
-0.0159027
0.00855713
0.0201294
0.0167969
0.00888977
-0.00263367
-0.0290009
-0.0558868
-0.077298
-0.0731995
-0.0488464
-0.0280182
-0.0163177
-0.00826721
-0.0134277
-0.0255432
-0.0340424
-0.0342834
-0.00656738
0.0204926
0.0369446
0.0492126
0.0674225
0.0883698
0.0988831
0.0890564
0.0835876
0.0885773
0.0709259
0.0302368
-0.0189667
-0.0675018
-0.0931824
-0.107361
-0.106909
-0.069632
-0.019696
0.0203186
0.0360107
0.0368164
0.0341736
0.0281677
0.00599976
-0.0109436
-0.0233093
-0.0366211
-0.0511139
-0.0741791
-0.0914429
-0.0732666
-0.0419098
-0.00898132
0.031723
0.0669312
0.0927002
0.0959961
0.0783997
0.053717
0.0304108
0.00500793
-0.0161896
-0.0305634
-0.0324799
-0.0150421
-0.00470276
-0.00388794
0.0013855
0.007547
0.0262634
0.0438995
0.0475128
0.0390656
0.0264679
-0.00478821
-0.0435791
-0.0761536
-0.0868896
-0.0737762
-0.0547852
-0.0442017
-0.0316193
-0.0317261
-0.0442078
-0.0590637
-0.0647888
-0.0427704
-0.00289612
0.0269135
0.0518829
0.0770355
0.103516
0.120169
0.115332
0.104324
0.106647
0.100204
0.0680878
0.0254913
-0.026532
-0.0645325
-0.0901489
-0.101288
-0.0821655
-0.0393066
-0.00314026
0.0149597
0.0140594
0.00774536
-0.00401306
-0.0313538
-0.0555908
-0.0634369
-0.0678436
-0.0694946
-0.0786011
-0.0839386
-0.0620422
-0.0159851
0.0235748
0.0629791
0.0958221
0.12067
0.128818
0.116351
0.0911194
0.0598083
0.0259064
-0.00448608
-0.0250641
-0.0382324
-0.0342285
-0.0302399
-0.0303223
-0.0239716
-0.0127411
-0.0017395
0.0109192
0.0144104
0.0134064
0.0104736
-0.00305176
-0.0355408
-0.0641998
-0.0742737
-0.0586121
-0.0369629
-0.027066
-0.020108
-0.0162598
-0.0199738
-0.0265686
-0.032016
-0.0246887
0.00335693
0.0248962
0.044281
0.0617889
0.0808441
0.0910217
0.0870209
0.0744263
0.0724915
0.0683716
0.0361359
-0.0058136
-0.0490723
-0.0794769
-0.0941406
-0.0989166
-0.0780731
-0.0270538
0.0203979
0.0486115
0.0493317
0.0405518
0.0267029
0.00226746
-0.0278015
-0.0403809
-0.0515228
-0.0615784
-0.0769257
-0.0901001
-0.0823059
-0.0425659
-0.00323792
0.0356964
0.070813
0.0968353
0.10491
0.0911163
0.0671844
0.0407166
0.0158478
-0.00779114
-0.0190918
-0.0234924
-0.012851
-0.00238037
-0.00317993
-0.00274353
0.00933838
0.0206665
0.0360657
0.0405701
0.0396362
0.0308716
0.0201782
-0.0149323
-0.0515625
-0.0756531
-0.0713898
-0.0539124
-0.0428986
-0.0397766
-0.0415741
-0.0538788
-0.0665771
-0.0705383
-0.0606018
-0.0271393
0.00411072
0.0342194
0.0654144
0.0995026
0.115228
0.112738
0.0972412
0.0947205
0.0988983
0.0791931
0.0358459
-0.0130859
-0.0560516
-0.0798676
-0.0968811
-0.092923
-0.0588043
-0.0137665
0.0189209
0.0289429
0.0227661
0.00302124
-0.0265198
-0.0618591
-0.0715149
-0.0688873
-0.0678467
-0.0749146
-0.0807556
-0.0696381
-0.0294495
0.0129242
0.0479248
0.0799652
0.110507
0.127826
0.12066
0.0977051
0.0656372
0.0335358
0.00474854
-0.0130615
-0.0249512
-0.0272491
-0.024881
-0.028186
-0.0316467
-0.0235596
-0.0176422
-0.00860291
-0.00264282
0.00680542
0.00986328
0.0122253
-0.00380554
-0.0279816
-0.0466431
-0.0419464
-0.0259094
-0.0150116
-0.012207
-0.0120453
-0.0194
-0.0317719
-0.0395508
-0.0401184
-0.0223114
0.000332642
0.0213867
0.0440094
0.0736847
0.0909546
0.0922607
0.076416
0.0671234
0.0642548
0.0524139
0.0173553
-0.0213226
-0.0577545
-0.0746979
-0.0829742
-0.0725586
-0.0385376
0.00762939
0.0400543
0.0516327
0.0481323
0.0339447
0.00603638
-0.0340637
-0.0566589
-0.0590332
-0.0598938
-0.0709412
-0.0857239
-0.0874603
-0.0577332
-0.0136444
0.0271576
0.0563232
0.078894
0.0911896
0.084314
0.0652924
0.0425903
0.015152
-0.00673523
-0.0159088
-0.0130768
-0.00577698
0.000378418
-0.00475159
-0.0109161
-0.000631714
0.0146698
0.0259766
0.0251923
0.0240723
0.0216156
0.0167969
0.00197144
-0.0302185
-0.0625793
-0.0700287
-0.0546875
-0.0407623
-0.0376862
-0.0421692
-0.0526733
-0.0625763
-0.0626129
-0.0536377
-0.0312531
-0.00307922
0.0238953
0.0533051
0.0873352
0.110471
0.109811
0.0917816
0.082077
0.0847778
0.0821991
0.0552185
0.0144318
-0.0292328
-0.0553223
-0.072522
-0.0756805
-0.055661
-0.0177124
0.0182739
0.0330841
0.0280853
0.00870056
-0.0239807
-0.0651611
-0.0889465
-0.0854156
-0.0731628
-0.0674408
-0.0719025
-0.067749
-0.0389099
0.0041626
0.0494659
0.0836945
0.109354
0.126379
0.12218
0.0990814
0.0712952
0.0359161
0.00407715
-0.0178925
-0.024762
-0.0226898
-0.0152618
-0.0198364
-0.0310181
-0.0324493
-0.0217651
-0.00852966
-0.00324402
0.000183105
0.00749512
0.00990295
0.00862122
-0.00990295
-0.0385376
-0.0548767
-0.0467224
-0.0346375
-0.0246765
-0.0207489
-0.0256866
-0.0349731
-0.0391968
-0.0337891
-0.018219
0.00128174
0.0165985
0.0332031
0.0577148
0.0846771
0.0869659
0.063501
0.0398651
0.0364227
0.0372192
0.0278503
0.00027771
-0.0323517
-0.0511749
-0.0558594
-0.0533752
-0.0318146
0.000509644
0.0348602
0.053595
0.0551392
0.0438019
0.0142151
-0.0328888
-0.0710754
-0.0791382
-0.0722443
-0.0670288
-0.0799805
-0.0892212
-0.0701141
-0.028479
0.0154633
0.0497284
0.0696503
0.0864594
0.0929657
0.0814575
0.0644562
0.0393829
0.0129761
-0.000747681
-0.00154724
0.00417786
0.0123077
0.00777588
-0.00516968
-0.00909424
0.00247192
0.0191071
0.025946
0.0215179
0.0237579
0.0217773
0.0169556
-0.0018158
-0.0348663
-0.0612854
-0.059613
-0.051944
-0.0509247
-0.0550842
-0.0645569
-0.0738434
-0.0748779
-0.0640503
-0.039856
-0.00741882
0.0183075
0.0420135
0.0668671
0.0985138
0.112146
0.0960999
0.0692474
0.0636139
0.0629669
0.0580536
0.0323547
-0.00595093
-0.0394043
-0.0533844
-0.0634033
-0.0506958
-0.022702
0.0101563
0.0276459
0.0238617
0.0102997
-0.0131439
-0.0538208
-0.0941101
-0.103348
-0.0879883
-0.0637634
-0.0598236
-0.0682281
-0.0603882
-0.0239716
0.0209869
0.0675507
0.0936493
0.110889
0.117029
0.106274
0.0858826
0.0600647
0.0248749
-0.00186157
-0.0139282
-0.0121887
-0.0033783
-0.00488281
-0.0268677
-0.0467072
-0.0462891
-0.0279083
-0.0103241
-0.00863342
-0.00183105
0.00855103
0.0179352
0.0173004
-0.00282288
-0.032254
-0.0377838
-0.0264709
-0.0182373
-0.0159302
-0.0218079
-0.0361206
-0.046521
-0.0464386
-0.029303
-0.00518494
0.0113617
0.0238831
0.041803
0.0721436
0.0934113
0.0790985
0.0413177
0.025882
0.028125
0.0304871
0.0200623
-0.00410156
-0.0300354
-0.0369385
-0.0434845
-0.0351959
-0.0125916
0.0190277
0.0417358
0.0470917
0.0407288
0.0259125
-0.0110382
-0.0608673
-0.0862488
-0.0849335
-0.0672791
-0.0620728
-0.0757446
-0.0776459
-0.0481079
-0.01091
0.0294647
0.0523987
0.069397
0.0806458
0.0799866
0.0659576
0.053241
0.030127
0.0115967
0.00162048
0.00123596
0.0111633
0.0190552
0.00540161
-0.0126099
-0.0182037
-0.00557861
0.01362
0.0115753
0.00681763
0.00740051
0.00883179
0.00376892
-0.0133789
-0.0456268
-0.0606476
-0.0573517
-0.0548401
-0.0542419
-0.0529388
-0.0590057
-0.0621735
-0.0582947
-0.0348328
0.000482178
0.0290192
0.0420959
0.0516876
0.0706818
0.0974152
0.0976715
0.0658997
0.045459
0.0480652
0.0523407
0.047229
0.0253448
-0.00851135
-0.0274902
-0.0388153
-0.0379669
-0.0207184
0.00420532
0.0184784
0.0155731
0.00157166
-0.00954895
-0.0347656
-0.0775726
-0.101917
-0.0954529
-0.0687836
-0.0460083
-0.0523621
-0.0622864
-0.0397247
-0.000473022
0.0428741
0.0750397
0.0933411
0.102902
0.101041
0.0820496
0.0628632
0.034671
0.00648193
-0.00889282
-0.0111847
-0.00286865
0.00542297
-0.0108551
-0.0391632
-0.0523376
-0.0437286
-0.0161804
-0.000942993
0.00345764
0.0123016
0.0229828
0.0224396
0.00959473
-0.0200684
-0.0409119
-0.0382202
-0.0305298
-0.0277191
-0.0251587
-0.0326538
-0.0405487
-0.0430969
-0.0309021
-0.00211792
0.0230286
0.0322998
0.0379913
0.0465607
0.0640686
0.065155
0.0329926
0.00182495
0.00163879
0.0119324
0.0190063
0.0165558
-0.000753784
-0.0135864
-0.0214355
-0.0243958
-0.00733337
0.020163
0.0429291
0.047879
0.0355621
0.0235504
0.00189209
-0.0435425
-0.0847809
-0.0961121
-0.0847412
-0.0613953
-0.0595673
-0.0726929
-0.0657135
-0.0368958
-0.00227051
0.0349792
0.0607666
0.0783539
0.0834076
0.0749115
0.0659424
0.0521729
0.0277344
0.00892334
0.000823975
0.00838623
0.0266388
0.0246277
-0.00141296
-0.0224609
-0.0241425
-0.000405884
0.0203827
0.0221283
0.0174622
0.0157379
0.0117371
0.000802612
-0.0232239
-0.0549561
-0.0672821
-0.0674011
-0.0650238
-0.0585968
-0.0582245
-0.061615
-0.0570007
-0.0368042
0.00167542
0.0370453
0.0510651
0.0526245
0.0587219
0.0772186
0.0919098
0.0722198
0.0351257
0.0232574
0.0287018
0.0322937
0.0282104
0.00761414
-0.0151825
-0.027066
-0.0342499
-0.0256561
-0.00854797
0.00799866
0.0111084
0.00143738
-0.00899658
-0.0193878
-0.0516052
-0.0875946
-0.0958771
-0.0832306
-0.0572174
-0.0451202
-0.0543701
-0.0531372
-0.0246643
0.0125763
0.0522278
0.0825348
0.102805
0.108594
0.0994812
0.0814575
0.062677
0.0348694
0.0122742
-0.00236816
-0.00733337
-0.00235901
-0.00433655
-0.030835
-0.0570557
-0.0644928
-0.0454376
-0.0131134
0.0062561
0.015152
0.0202667
0.0222321
0.0137634
-0.00111389
-0.02612
-0.036673
-0.0373901
-0.0361206
-0.0347534
-0.0335236
-0.0400513
-0.0437897
-0.0382477
-0.010791
0.0250641
0.0477753
0.0478302
0.0427185
0.044632
0.0555603
0.0462708
0.0136322
-0.00444946
0.00289612
0.0158783
0.0265839
0.0260223
0.00986938
-0.00403748
-0.015567
-0.010321
0.00731812
0.0291351
0.0361816
0.028302
0.0145325
0.00541077
-0.0208374
-0.0628448
-0.0880493
-0.0866821
-0.067099
-0.0483704
-0.0562042
-0.0707153
-0.0613068
-0.032962
0.00384521
0.038266
0.064743
0.0783691
0.0806793
0.0759979
0.0693787
0.0474762
0.0239929
0.00838318
0.00756226
0.0175995
0.0269165
0.00910645
-0.0197083
-0.0364105
-0.0291046
-0.00370483
0.0130066
0.0169037
0.0138763
0.0126434
0.00352478
-0.0143402
-0.0440979
-0.0655182
-0.0717499
-0.0688934
-0.0640381
-0.055069
-0.0522064
-0.0462616
-0.0346527
-0.00643921
0.0281342
0.0545471
0.0588501
0.0554749
0.0561981
0.0670135
0.0657654
0.0398346
0.0167389
0.0179352
0.0289032
0.035022
0.0356354
0.0222473
0.00764771
-0.00924072
-0.0170288
-0.0144379
-0.00143127
0.00395508
-0.00263977
-0.0166138
-0.0220123
-0.0325684
-0.058548
-0.0796997
-0.0801514
-0.0670898
-0.0451172
-0.0408936
-0.0469482
-0.0411987
-0.013913
0.0204437
0.0532959
0.0817932
0.0968506
0.0953979
0.0820404
0.07052
0.049649
0.0244476
0.002005
-0.0106018
-0.0121765
-0.00252991
-0.0101532
-0.0329498
-0.0525787
-0.0488342
-0.0214142
0.00802612
0.0237183
0.0232452
0.0179291
0.0110565
-0.00214233
-0.0234039
-0.0423065
-0.0488556
-0.047818
-0.0438263
-0.0359283
-0.0334259
-0.0328552
-0.0302948
-0.0106628
0.0212219
0.0512909
0.0561249
0.0430481
0.0292725
0.0287109
0.028006
0.00776062
-0.0160919
-0.0179474
0.00228882
0.0213623
0.0319855
0.0271606
0.0159119
0.00359192
0.000204468
0.0078125
0.0249084
0.0370544
0.0318329
0.0142792
0.0017334
-0.012262
-0.0418243
-0.0731934
-0.0839722
-0.0785278
-0.0621643
-0.057962
-0.0674957
-0.0725952
-0.0534058
-0.0188171
0.016925
0.0533661
0.0836853
0.0969849
0.0932648
0.0841553
0.0645355
0.0393768
0.0189117
0.00718384
0.00734558
0.0189606
0.0210602
0.00377502
-0.0184875
-0.0258545
-0.0109436
0.0136108
0.0307373
0.0339203
0.02276
0.00984192
-0.0142517
-0.0460175
-0.07276
-0.0820129
-0.083017
-0.077301
-0.0656494
-0.0518982
-0.039621
-0.030542
-0.0129669
0.0174652
0.0521698
0.0717285
0.0669647
0.0530884
0.049115
0.0506744
0.0385254
0.0159576
0.00310974
0.0102997
0.0231201
0.0303741
0.0293213
0.0194153
0.00117493
-0.0169647
-0.0211639
-0.012558
0.00176392
0.00160522
-0.0105408
-0.0178772
-0.018866
-0.0329865
-0.0586639
-0.075769
-0.0752686
-0.0611267
-0.0486694
-0.0507416
-0.0538361
-0.0426331
-0.0109619
0.0250214
0.0610016
0.0930054
0.106635
0.100858
0.0906281
0.0737213
0.0447998
0.0153778
-0.00971985
-0.0210083
-0.0165863
-0.0114594
-0.0231903
-0.0426208
-0.0501007
-0.0310791
-0.000274658
0.0247192
0.0367249
0.0300751
0.0210449
0.00632324
-0.0190399
-0.043515
-0.0523743
-0.0538208
-0.050473
-0.0429443
-0.0351288
-0.0292816
-0.0260529
-0.0156128
0.0107086
0.040274
0.0594879
0.0529846
0.0336182
0.0226593
0.0231628
0.0154358
0.000253296
-0.00575562
0.00553589
0.025885
0.0364624
0.0378387
0.0322571
0.0187927
0.00119324
-0.00257263
0.00497437
0.0225647
0.0286438
0.0172882
0.00301514
-0.00287781
-0.0172333
-0.0415588
-0.0632111
-0.071225
-0.0690369
-0.0658142
-0.0733673
-0.0803772
-0.0805298
-0.0563629
-0.0216278
0.0170197
0.0602478
0.0900635
0.094165
0.0863678
0.0761261
0.0533112
0.0308716
0.00915833
0.000897217
0.00742187
0.0199951
0.0153503
-0.00448303
-0.0258362
-0.0231049
-0.00407715
0.0186035
0.0339081
0.0279449
0.00790405
-0.0126526
-0.0426819
-0.0713837
-0.0828094
-0.0826691
-0.0761993
-0.0603607
-0.0418701
-0.0269501
-0.018576
-0.0126526
0.010321
0.0402405
0.0676331
0.0734283
0.0602386
0.0452698
0.042984
0.0344757
0.018576
0.00776062
0.00916443
0.0253418
0.0391205
0.0418884
0.0352539
0.0182709
-0.00816956
-0.0237183
-0.0241577
-0.0116852
-0.0019043
-0.00671082
-0.0155548
-0.013324
-0.0182373
-0.0352417
-0.0541534
-0.0605621
-0.0565552
-0.0478851
-0.0499329
-0.051413
-0.0499573
-0.0318695
-0.000393677
0.030603
0.0645416
0.094223
0.10069
0.0895721
0.076474
0.048291
0.017627
-0.00965881
-0.0247223
-0.0233917
-0.0107635
-0.00863342
-0.0151611
-0.0272278
-0.0213013
-0.00168457
0.0191711
0.0367371
0.0422913
0.0245514
0.00563049
-0.0213257
-0.05065
-0.0630035
-0.0589691
-0.0551086
-0.0471008
-0.0356506
-0.0249542
-0.0147186
-0.0111755
0.00428772
0.0250671
0.0445648
0.0483429
0.0340607
0.0118164
0.00375366
-0.00294495
-0.0115631
-0.012207
-0.00291443
0.0117889
0.0288055
0.0363342
0.0383514
0.0347992
0.0197662
0.00484619
0.00428162
0.0150391
0.0268097
0.0219482
0.00593567
-0.00177612
-0.00848999
-0.0251892
-0.0461121
-0.0615479
-0.0692474
-0.0682922
-0.074472
-0.0775238
-0.0757996
-0.064682
-0.0351746
0.00262756
0.0438416
0.0861877
0.106284
0.101099
0.0903351
0.0685974
0.0396332
0.0152191
-0.00158386
-0.000704956
0.0140381
0.0205322
0.0152588
-0.00162659
-0.00789795
0.00432739
0.0213409
0.0353699
0.0403717
0.0190521
-0.0105865
-0.0423462
-0.0781799
-0.0995575
-0.0965118
-0.0856995
-0.0689789
-0.0475677
-0.0304169
-0.0157837
-0.00823364
0.00775757
0.0328461
0.0574982
0.0712158
0.0660034
0.0463074
0.0339203
0.0235229
0.00508423
-0.00647888
-0.00168152
0.00955811
0.0271912
0.0335358
0.0290466
0.0197327
0.00229187
-0.0190491
-0.0264404
-0.0203003
-0.00307922
0.00626526
0.00148926
-0.00135193
-0.0041687
-0.0182953
-0.0357574
-0.0474213
-0.0531189
-0.0515961
-0.0576569
-0.0634308
-0.0590332
-0.0483459
-0.0243866
0.00791321
0.0421295
0.083252
0.111383
0.109384
0.0923615
0.0648956
0.0258789
-0.00651245
-0.0318939
-0.0397278
-0.0289856
-0.0149597
-0.00726013
-0.00810242
-0.0102692
0.00195007
0.0192719
0.0336426
0.0474792
0.0416931
0.0159424
-0.0116089
-0.0451111
-0.0703827
-0.0714813
-0.0638489
-0.0555237
-0.0405823
-0.0250793
-0.0100739
-0.00354004
0.00140381
0.0174408
0.0347595
0.0463959
0.0438507
0.0259308
0.0109161
0.00765381
-0.00369263
-0.0118042
-0.00390625
0.00917358
0.0260376
0.0386963
0.03909
0.0357117
0.0265381
0.00971069
0.000811768
0.00402527
0.0164154
0.0233185
0.0135773
0.00621033
0.00530396
-0.0071991
-0.0279175
-0.0475372
-0.0636841
-0.0710175
-0.0791931
-0.0923035
-0.0903381
-0.076825
-0.0509552
-0.0137177
0.0223511
0.0603821
0.0940979
0.103619
0.094577
0.076001
0.0446045
0.0170898
-0.00419006
-0.0119293
-0.00255737
0.0111633
0.0149048
0.0113373
0.00374146
0.00988159
0.021524
0.0266052
0.0290192
0.0220734
-0.00547485
-0.0365417
-0.0724365
-0.102441
-0.104004
-0.0826874
-0.0625153
-0.0432617
-0.0268677
-0.0112396
-0.00132446
0.00467834
0.021759
0.0415222
0.0575012
0.0616364
0.0524963
0.0359253
0.0295898
0.0149963
-0.000689697
0.00282288
0.0191742
0.0314087
0.0386322
0.0310883
0.0201019
0.00851746
-0.00779114
-0.022525
-0.0238403
-0.0106354
0.00479126
0.00438538
-0.00368042
-0.00381775
-0.0109314
-0.0255859
-0.0370972
-0.0445068
-0.0471527
-0.0485901
-0.0598541
-0.0601074
-0.0480347
-0.0283844
-0.00301208
0.0269287
0.0592438
0.0915955
0.103357
0.090979
0.0679321
0.0335937
-0.000546265
-0.0266724
-0.0410492
-0.032782
-0.0112732
0.00304871
0.00791321
0.00445862
0.00811768
0.0195801
0.0262939
0.0290863
0.0309418
0.0146637
-0.0113037
-0.0422089
-0.0731171
-0.0849182
-0.0704285
-0.0525848
-0.034137
-0.0162323
-0.00180664
0.0046875
0.00214844
0.00752258
0.0213562
0.0338257
0.0367157
0.0304871
0.0173828
0.014035
0.00516357
-0.0131714
-0.0182129
-5.79834e-05
0.019043
0.0337433
0.0353546
0.0313721
0.0254913
0.0185089
0.00729675
0.00362549
0.00968933
0.0204376
0.01922
0.00727234
0.00202637
-0.00720215
-0.0273254
-0.0472809
-0.0581543
-0.0651947
-0.0687134
-0.0837799
-0.0899902
-0.0765289
-0.0467987
-0.0157379
0.016571
0.0473846
0.0821136
0.103265
0.10134
0.083548
0.0535492
0.0203705
-0.00256348
-0.0162354
-0.0123352
0.00510559
0.0190155
0.0246796
0.0241455
0.0252594
0.0316528
0.0328003
0.0262268
0.020871
0.0035614
-0.0264679
-0.0633362
-0.0976166
-0.113828
-0.0978973
-0.0715179
-0.0481964
-0.0289124
-0.0110718
0.00214844
0.00628052
0.0140015
0.0315063
0.0501556
0.0602509
0.0585358
0.0455963
0.0353851
0.0244781
0.00371399
-0.0103729
0.000991821
0.0180573
0.0275513
0.0253235
0.0158752
0.00262146
-0.00749207
-0.0178223
-0.0191132
-0.00759888
0.0111359
0.0173553
0.00812378
0.00211182
-0.00230408
-0.0174347
-0.0365143
-0.0444458
-0.0480225
-0.0479614
-0.0577057
-0.0686249
-0.065332
-0.0417603
-0.0135071
0.0160431
0.04487
0.0745789
0.0929169
0.0920258
0.0737823
0.0429443
0.00446472
-0.024881
-0.0420349
-0.0383911
-0.0162201
0.00497437
0.0136444
0.0149689
0.0195343
0.0304077
0.0382751
0.0363708
0.0329742
0.0242584
0.00443726
-0.0278778
-0.0643005
-0.0901642
-0.0877533
-0.0664581
-0.0424164
-0.0240295
-0.00977478
-0.000643921
-0.00107422
-0.00103149
0.00951538
0.0233704
0.032962
0.0332031
0.0295624
0.0261047
0.020871
0.00174255
-0.0168457
-0.010144
0.014151
0.0314972
0.0339905
0.0307373
0.0232635
0.0170654
0.0108795
0.00620117
0.00909424
0.0216827
0.0281891
0.0199493
0.00963135
0.00289307
-0.0133301
-0.0384003
-0.0541992
-0.0610718
-0.0655823
-0.0764648
-0.0891846
